timestamp,segment_id,segment_name,latitude,longitude,current_speed_kmh,free_flow_speed_kmh,current_travel_time_sec,free_flow_travel_time_sec,confidence
2026-02-18 23:32:41.991870,Segment 1,World Trade Centre,25.2262,55.287,11,52,195,41,1
2026-02-18 23:32:43.186224,Segment 2,DIFC,25.2136,55.2796,95,104,445,407,1
2026-02-18 23:32:44.397747,Segment 3,Business Bay,25.1872,55.2644,24,24,141,141,1
2026-02-18 23:32:45.592835,Segment 4,MOE,25.1182,55.2006,36,36,497,497,1
2026-02-19 00:00:14.855364,Segment 1,World Trade Centre,25.2262,55.287,12,53,179,40,1.0
2026-02-19 00:00:15.993232,Segment 2,DIFC,25.2136,55.2796,95,104,445,407,1.0
2026-02-19 00:00:17.133451,Segment 3,Business Bay,25.1872,55.2644,17,24,199,141,0.95
2026-02-19 00:00:18.250289,Segment 4,MOE,25.1182,55.2006,36,36,497,497,1.0
2026-02-19 03:12:26.931651,Segment 1,World Trade Centre,25.2262,55.287,53,53,40,40,1.0
2026-02-19 03:12:28.110473,Segment 2,DIFC,25.2136,55.2796,105,105,403,403,1.0
2026-02-19 03:12:29.278255,Segment 3,Business Bay,25.1872,55.2644,16,24,211,141,0.95
2026-02-19 03:12:30.439694,Segment 4,MOE,25.1182,55.2006,28,35,639,511,0.979863
2026-02-19 05:06:19.636192,Segment 1,World Trade Centre,25.2262,55.287,36,52,59,41,1.0
2026-02-19 05:06:20.762923,Segment 2,DIFC,25.2136,55.2796,105,105,403,403,1.0
2026-02-19 05:06:21.892768,Segment 3,Business Bay,25.1872,55.2644,15,23,226,147,0.96
2026-02-19 05:06:23.016082,Segment 4,MOE,25.1182,55.2006,36,36,497,497,1.0
2026-02-19 06:14:06.464094,Segment 1,World Trade Centre,25.2262,55.287,27,52,79,41,1
2026-02-19 06:14:07.539481,Segment 2,DIFC,25.2136,55.2796,105,105,403,403,1
2026-02-19 06:14:08.608065,Segment 3,Business Bay,25.1872,55.2644,12,24,282,141,1
2026-02-19 06:14:09.673074,Segment 4,MOE,25.1182,55.2006,30,36,597,497,1
2026-02-19 07:30:15.273399,Segment 1,World Trade Centre,25.2262,55.287,17,52,126,41,1
2026-02-19 07:30:16.392613,Segment 2,DIFC,25.2136,55.2796,105,105,403,403,1
2026-02-19 07:30:17.506681,Segment 3,Business Bay,25.1872,55.2644,16,30,211,113,1
2026-02-19 07:30:18.628318,Segment 4,MOE,25.1182,55.2006,29,37,617,484,1
2026-02-19 08:06:48.946813,Segment 1,World Trade Centre,25.2262,55.287,33,53,65,40,1.0
2026-02-19 08:06:50.011739,Segment 2,DIFC,25.2136,55.2796,84,103,504,411,1.0
2026-02-19 08:06:51.080071,Segment 3,Business Bay,25.1872,55.2644,14,23,242,147,0.99
2026-02-19 08:06:52.150608,Segment 4,MOE,25.1182,55.2006,26,35,688,511,1.0
2026-02-19 09:04:19.500996,Segment 1,World Trade Centre,25.2262,55.287,37,51,58,42,1.0
2026-02-19 09:04:20.693519,Segment 2,DIFC,25.2136,55.2796,78,103,542,411,1.0
2026-02-19 09:04:21.853843,Segment 3,Business Bay,25.1872,55.2644,13,26,260,130,0.996337
2026-02-19 09:04:22.981171,Segment 4,MOE,25.1182,55.2006,28,37,639,484,1.0
2026-02-19 10:04:41.785558,Segment 1,World Trade Centre,25.2262,55.287,17,53,126,40,1
2026-02-19 10:04:42.854104,Segment 2,DIFC,25.2136,55.2796,49,104,864,407,1
2026-02-19 10:04:43.938092,Segment 3,Business Bay,25.1872,55.2644,13,24,260,141,1
2026-02-19 10:04:45.000256,Segment 4,MOE,25.1182,55.2006,26,37,688,484,1
2026-02-19 11:06:28.864226,Segment 1,World Trade Centre,25.2262,55.287,21,48,102,44,1
2026-02-19 11:06:29.992301,Segment 2,DIFC,25.2136,55.2796,28,104,1512,407,1
2026-02-19 11:06:31.114108,Segment 3,Business Bay,25.1872,55.2644,9,24,376,141,1
2026-02-19 11:06:32.236088,Segment 4,MOE,25.1182,55.2006,26,37,688,484,1
2026-02-19 11:54:20.017779,Segment 1,World Trade Centre,25.2262,55.287,5,55,430,39,1
2026-02-19 11:54:21.140409,Segment 2,DIFC,25.2136,55.2796,18,101,2352,419,1
2026-02-19 11:54:22.259390,Segment 3,Business Bay,25.1872,55.2644,5,22,678,154,1
2026-02-19 11:54:23.376983,Segment 4,MOE,25.1182,55.2006,25,36,716,497,1
2026-02-19 13:25:57.296769,Segment 1,World Trade Centre,25.2262,55.287,7,39,307,55,1.0
2026-02-19 13:25:58.420513,Segment 2,DIFC,25.2136,55.2796,22,103,1925,411,1.0
2026-02-19 13:25:59.538975,Segment 3,Business Bay,25.1872,55.2644,9,24,376,141,0.998875
2026-02-19 13:26:00.657086,Segment 4,MOE,25.1182,55.2006,26,38,688,471,1.0
2026-02-19 14:32:23.657927,Segment 1,World Trade Centre,25.2262,55.287,7,40,307,53,1.0
2026-02-19 14:32:24.783029,Segment 2,DIFC,25.2136,55.2796,82,104,516,407,1.0
2026-02-19 14:32:25.908528,Segment 3,Business Bay,25.1872,55.2644,11,23,308,147,0.99
2026-02-19 14:32:27.030747,Segment 4,MOE,25.1182,55.2006,36,36,497,497,1.0
2026-02-19 15:30:28.606847,Segment 1,World Trade Centre,25.2262,55.287,22,52,97,41,1.0
2026-02-19 15:30:29.768468,Segment 2,DIFC,25.2136,55.2796,105,105,403,403,1.0
2026-02-19 15:30:30.950673,Segment 3,Business Bay,25.1872,55.2644,12,24,282,141,0.99
2026-02-19 15:30:32.125497,Segment 4,MOE,25.1182,55.2006,26,35,688,511,1.0
2026-02-19 16:32:56.741887,Segment 1,World Trade Centre,25.2262,55.287,24,52,89,41,1
2026-02-19 16:32:57.863471,Segment 2,DIFC,25.2136,55.2796,105,105,403,403,1
2026-02-19 16:32:58.989228,Segment 3,Business Bay,25.1872,55.2644,13,24,260,141,1
2026-02-19 16:33:00.108201,Segment 4,MOE,25.1182,55.2006,26,37,688,484,1
2026-02-19 17:36:19.811119,Segment 1,World Trade Centre,25.2262,55.287,34,52,63,41,1
2026-02-19 17:36:20.891195,Segment 2,DIFC,25.2136,55.2796,105,105,403,403,1
2026-02-19 17:36:21.966694,Segment 3,Business Bay,25.1872,55.2644,18,24,188,141,1
2026-02-19 17:36:23.036976,Segment 4,MOE,25.1182,55.2006,27,36,663,497,1
2026-02-19 18:34:09.981157,Segment 1,World Trade Centre,25.2262,55.287,27,53,79,40,1.0
2026-02-19 18:34:11.101200,Segment 2,DIFC,25.2136,55.2796,105,105,403,403,1.0
2026-02-19 18:34:12.216919,Segment 3,Business Bay,25.1872,55.2644,15,24,226,141,0.99
2026-02-19 18:34:13.331122,Segment 4,MOE,25.1182,55.2006,28,36,639,497,1.0
2026-02-19 19:28:39.311896,Segment 1,World Trade Centre,25.2262,55.287,53,53,40,40,1.0
2026-02-19 19:28:40.366917,Segment 2,DIFC,25.2136,55.2796,105,105,403,403,1.0
2026-02-19 19:28:41.424864,Segment 3,Business Bay,25.1872,55.2644,13,23,260,147,0.97
2026-02-19 19:28:42.479056,Segment 4,MOE,25.1182,55.2006,29,36,617,497,1.0
2026-02-19 20:01:29.324009,Segment 1,World Trade Centre,25.2262,55.287,26,52,82,41,1.0
2026-02-19 20:01:30.401304,Segment 2,DIFC,25.2136,55.2796,105,105,403,403,1.0
2026-02-19 20:01:31.508077,Segment 3,Business Bay,25.1872,55.2644,13,24,260,141,0.97
2026-02-19 20:01:32.585292,Segment 4,MOE,25.1182,55.2006,29,36,617,497,1.0
2026-02-19 20:49:20.411963,Segment 1,World Trade Centre,25.2262,55.287,35,52,61,41,1
2026-02-19 20:49:21.536104,Segment 2,DIFC,25.2136,55.2796,105,105,403,403,1
2026-02-19 20:49:22.655718,Segment 3,Business Bay,25.1872,55.2644,24,24,141,141,1
2026-02-19 20:49:23.779253,Segment 4,MOE,25.1182,55.2006,36,36,497,497,1
2026-02-19 21:24:55.204829,Segment 1,World Trade Centre,25.2262,55.287,20,53,107,40,1.0
2026-02-19 21:24:56.334512,Segment 2,DIFC,25.2136,55.2796,105,105,403,403,1.0
2026-02-19 21:24:57.464033,Segment 3,Business Bay,25.1872,55.2644,17,23,199,147,0.95
2026-02-19 21:24:58.573366,Segment 4,MOE,25.1182,55.2006,36,36,497,497,1.0
2026-02-19 21:58:52.643839,Segment 1,World Trade Centre,25.2262,55.287,24,53,89,40,1
2026-02-19 21:58:53.776264,Segment 2,DIFC,25.2136,55.2796,105,105,403,403,1
2026-02-19 21:58:54.897257,Segment 3,Business Bay,25.1872,55.2644,24,24,141,141,1
2026-02-19 21:58:56.017438,Segment 4,MOE,25.1182,55.2006,36,36,497,497,1
2026-02-19 22:46:48.762370,Segment 1,World Trade Centre,25.2262,55.287,35,52,61,41,1
2026-02-19 22:46:49.873034,Segment 2,DIFC,25.2136,55.2796,105,105,403,403,1
2026-02-19 22:46:50.990846,Segment 3,Business Bay,25.1872,55.2644,24,24,141,141,1
2026-02-19 22:46:52.133774,Segment 4,MOE,25.1182,55.2006,36,36,497,497,1
2026-02-19 23:17:45.930271,Segment 1,World Trade Centre,25.2262,55.287,38,52,56,41,1
2026-02-19 23:17:47.104098,Segment 2,DIFC,25.2136,55.2796,105,105,403,403,1
2026-02-19 23:17:48.284530,Segment 3,Business Bay,25.1872,55.2644,24,24,141,141,1
2026-02-19 23:17:49.447876,Segment 4,MOE,25.1182,55.2006,36,36,497,497,1
2026-02-19 23:50:22.127067,Segment 1,World Trade Centre,25.2262,55.287,28,53,76,40,1
2026-02-19 23:50:23.251838,Segment 2,DIFC,25.2136,55.2796,105,105,403,403,1
2026-02-19 23:50:24.384182,Segment 3,Business Bay,25.1872,55.2644,24,24,141,141,1
2026-02-19 23:50:25.494331,Segment 4,MOE,25.1182,55.2006,36,36,497,497,1
2026-02-20 02:46:48.120715,Segment 1,World Trade Centre,25.2262,55.287,43,52,50,41,0.985705
2026-02-20 02:46:49.286796,Segment 2,DIFC,25.2136,55.2796,105,105,403,403,1.0
2026-02-20 02:46:50.449772,Segment 3,Business Bay,25.1872,55.2644,16,23,211,147,0.95
2026-02-20 02:46:51.614296,Segment 4,MOE,25.1182,55.2006,36,36,497,497,1.0
2026-02-20 04:29:11.695276,Segment 1,World Trade Centre,25.2262,55.287,41,53,52,40,1
2026-02-20 04:29:12.763644,Segment 2,DIFC,25.2136,55.2796,105,105,403,403,1
2026-02-20 04:29:13.852621,Segment 3,Business Bay,25.1872,55.2644,13,24,260,141,1
2026-02-20 04:29:14.932811,Segment 4,MOE,25.1182,55.2006,36,36,497,497,1
2026-02-20 05:40:22.710684,Segment 1,World Trade Centre,25.2262,55.287,37,52,58,41,1.0
2026-02-20 05:40:23.766546,Segment 2,DIFC,25.2136,55.2796,105,105,403,403,1.0
2026-02-20 05:40:24.820913,Segment 3,Business Bay,25.1872,55.2644,16,28,211,121,0.985658
2026-02-20 05:40:25.872587,Segment 4,MOE,25.1182,55.2006,36,36,497,497,1.0
2026-02-20 06:37:35.712665,Segment 1,World Trade Centre,25.2262,55.287,20,52,107,41,1
2026-02-20 06:37:36.817863,Segment 2,DIFC,25.2136,55.2796,105,105,403,403,1
2026-02-20 06:37:37.933233,Segment 3,Business Bay,25.1872,55.2644,12,24,282,141,1
2026-02-20 06:37:39.034353,Segment 4,MOE,25.1182,55.2006,26,36,688,497,1
2026-02-20 07:37:22.832674,Segment 1,World Trade Centre,25.2262,55.287,27,52,79,41,1
2026-02-20 07:37:23.908555,Segment 2,DIFC,25.2136,55.2796,105,105,403,403,1
2026-02-20 07:37:24.979502,Segment 3,Business Bay,25.1872,55.2644,15,23,226,147,1
2026-02-20 07:37:26.051505,Segment 4,MOE,25.1182,55.2006,29,36,617,497,1
2026-02-20 08:24:43.689000,Segment 1,World Trade Centre,25.2262,55.287,22,45,97,47,1.0
2026-02-20 08:24:44.797538,Segment 2,DIFC,25.2136,55.2796,73,104,580,407,1.0
2026-02-20 08:24:45.912347,Segment 3,Business Bay,25.1872,55.2644,11,24,308,141,1.0
2026-02-20 08:24:47.010730,Segment 4,MOE,25.1182,55.2006,29,37,617,484,0.999529
2026-02-20 09:09:09.637135,Segment 1,World Trade Centre,25.2262,55.287,42,52,51,41,1.0
2026-02-20 09:09:10.758740,Segment 2,DIFC,25.2136,55.2796,105,105,403,403,1.0
2026-02-20 09:09:11.875013,Segment 3,Business Bay,25.1872,55.2644,16,24,211,141,0.99
2026-02-20 09:09:12.991167,Segment 4,MOE,25.1182,55.2006,36,36,497,497,1.0
2026-02-20 09:58:54.848771,Segment 1,World Trade Centre,25.2262,55.287,17,53,126,40,1
2026-02-20 09:58:55.958193,Segment 2,DIFC,25.2136,55.2796,62,104,683,407,1
2026-02-20 09:58:57.058016,Segment 3,Business Bay,25.1872,55.2644,18,24,188,141,1
2026-02-20 09:58:58.180442,Segment 4,MOE,25.1182,55.2006,27,37,663,484,1
2026-02-20 10:53:06.047517,Segment 1,World Trade Centre,25.2262,55.287,9,52,239,41,1.0
2026-02-20 10:53:07.168956,Segment 2,DIFC,25.2136,55.2796,64,103,661,411,1.0
2026-02-20 10:53:08.287715,Segment 3,Business Bay,25.1872,55.2644,12,24,282,141,0.99
2026-02-20 10:53:09.410058,Segment 4,MOE,25.1182,55.2006,27,35,663,511,1.0
2026-02-20 11:39:15.205617,Segment 1,World Trade Centre,25.2262,55.287,8,41,268,52,1
2026-02-20 11:39:16.274647,Segment 2,DIFC,25.2136,55.2796,69,104,613,407,1
2026-02-20 11:39:17.345180,Segment 3,Business Bay,25.1872,55.2644,12,23,282,147,1
2026-02-20 11:39:18.411455,Segment 4,MOE,25.1182,55.2006,28,36,639,497,1
2026-02-20 12:02:11.913899,Segment 1,World Trade Centre,25.2262,55.287,14,42,153,51,1
2026-02-20 12:02:13.077296,Segment 2,DIFC,25.2136,55.2796,61,104,694,407,1
2026-02-20 12:02:14.240330,Segment 3,Business Bay,25.1872,55.2644,12,25,282,135,1
2026-02-20 12:02:15.404008,Segment 4,MOE,25.1182,55.2006,30,37,597,484,1
2026-02-20 13:33:18.974941,Segment 1,World Trade Centre,25.2262,55.287,9,53,239,40,1
2026-02-20 13:33:20.077821,Segment 2,DIFC,25.2136,55.2796,82,104,516,407,1
2026-02-20 13:33:21.189307,Segment 3,Business Bay,25.1872,55.2644,19,24,178,141,1
2026-02-20 13:33:22.298314,Segment 4,MOE,25.1182,55.2006,24,36,746,497,1
2026-02-20 14:24:57.870455,Segment 1,World Trade Centre,25.2262,55.287,19,55,113,39,1.0
2026-02-20 14:24:58.953114,Segment 2,DIFC,25.2136,55.2796,105,105,403,403,1.0
2026-02-20 14:25:00.024800,Segment 3,Business Bay,25.1872,55.2644,14,24,242,141,0.99
2026-02-20 14:25:01.091642,Segment 4,MOE,25.1182,55.2006,36,36,497,497,1.0
2026-02-20 15:10:13.913432,Segment 1,World Trade Centre,25.2262,55.287,53,53,40,40,1.0
2026-02-20 15:10:15.042963,Segment 2,DIFC,25.2136,55.2796,105,105,403,403,1.0
2026-02-20 15:10:16.143066,Segment 3,Business Bay,25.1872,55.2644,19,30,178,113,0.998185
2026-02-20 15:10:17.255169,Segment 4,MOE,25.1182,55.2006,27,36,663,497,1.0
2026-02-20 15:55:27.242158,Segment 1,World Trade Centre,25.2262,55.287,19,52,113,41,1.0
2026-02-20 15:55:28.362745,Segment 2,DIFC,25.2136,55.2796,105,105,403,403,1.0
2026-02-20 15:55:29.490024,Segment 3,Business Bay,25.1872,55.2644,21,29,161,116,0.959128
2026-02-20 15:55:30.611072,Segment 4,MOE,25.1182,55.2006,25,35,716,511,1.0
2026-02-20 16:52:56.989193,Segment 1,World Trade Centre,25.2262,55.287,19,53,113,40,1.0
2026-02-20 16:52:58.063313,Segment 2,DIFC,25.2136,55.2796,105,105,403,403,1.0
2026-02-20 16:52:59.137394,Segment 3,Business Bay,25.1872,55.2644,20,29,169,116,0.972207
2026-02-20 16:53:00.209559,Segment 4,MOE,25.1182,55.2006,27,35,663,511,1.0
2026-02-20 17:45:42.628007,Segment 1,World Trade Centre,25.2262,55.287,25,52,86,41,1
2026-02-20 17:45:43.752816,Segment 2,DIFC,25.2136,55.2796,105,105,403,403,1
2026-02-20 17:45:44.876577,Segment 3,Business Bay,25.1872,55.2644,15,24,226,141,1
2026-02-20 17:45:46.004510,Segment 4,MOE,25.1182,55.2006,25,35,716,511,1
2026-02-20 18:27:38.593452,Segment 1,World Trade Centre,25.2262,55.287,33,53,65,40,1
2026-02-20 18:27:39.689510,Segment 2,DIFC,25.2136,55.2796,105,105,403,403,1
2026-02-20 18:27:40.765806,Segment 3,Business Bay,25.1872,55.2644,12,24,282,141,1
2026-02-20 18:27:41.834158,Segment 4,MOE,25.1182,55.2006,28,35,639,511,1
2026-02-20 19:23:14.114459,Segment 1,World Trade Centre,25.2262,55.287,40,53,53,40,1.0
2026-02-20 19:23:15.182803,Segment 2,DIFC,25.2136,55.2796,105,105,403,403,1.0
2026-02-20 19:23:16.240554,Segment 3,Business Bay,25.1872,55.2644,13,23,260,147,0.99
2026-02-20 19:23:17.301304,Segment 4,MOE,25.1182,55.2006,30,36,597,497,1.0
2026-02-20 19:55:14.690857,Segment 1,World Trade Centre,25.2262,55.287,44,52,48,41,1.0
2026-02-20 19:55:15.819510,Segment 2,DIFC,25.2136,55.2796,105,105,403,403,1.0
2026-02-20 19:55:16.940958,Segment 3,Business Bay,25.1872,55.2644,17,24,199,141,0.96
2026-02-20 19:55:18.072523,Segment 4,MOE,25.1182,55.2006,30,36,597,497,1.0
2026-02-20 20:42:17.420369,Segment 1,World Trade Centre,25.2262,55.287,40,53,53,40,1.0
2026-02-20 20:42:18.536850,Segment 2,DIFC,25.2136,55.2796,105,105,403,403,1.0
2026-02-20 20:42:19.647411,Segment 3,Business Bay,25.1872,55.2644,15,23,226,147,0.97
2026-02-20 20:42:20.760882,Segment 4,MOE,25.1182,55.2006,30,36,597,497,1.0
2026-02-20 21:11:11.021376,Segment 1,World Trade Centre,25.2262,55.287,53,53,40,40,1.0
2026-02-20 21:11:12.106023,Segment 2,DIFC,25.2136,55.2796,93,104,455,407,1.0
2026-02-20 21:11:13.185119,Segment 3,Business Bay,25.1872,55.2644,13,24,260,141,0.99
2026-02-20 21:11:14.281545,Segment 4,MOE,25.1182,55.2006,36,36,497,497,1.0
2026-02-20 21:45:46.461829,Segment 1,World Trade Centre,25.2262,55.287,34,52,63,41,1
2026-02-20 21:45:47.580944,Segment 2,DIFC,25.2136,55.2796,105,105,403,403,1
2026-02-20 21:45:48.700752,Segment 3,Business Bay,25.1872,55.2644,24,24,141,141,1
2026-02-20 21:45:49.833622,Segment 4,MOE,25.1182,55.2006,36,36,497,497,1
2026-02-20 22:01:13.469620,Segment 1,World Trade Centre,25.2262,55.287,27,52,79,41,1.0
2026-02-20 22:01:14.543591,Segment 2,DIFC,25.2136,55.2796,105,105,403,403,1.0
2026-02-20 22:01:15.619507,Segment 3,Business Bay,25.1872,55.2644,15,24,226,141,0.96
2026-02-20 22:01:16.692756,Segment 4,MOE,25.1182,55.2006,31,36,577,497,0.999537
2026-02-20 22:46:41.703138,Segment 1,World Trade Centre,25.2262,55.287,32,52,67,41,1.0
2026-02-20 22:46:42.825791,Segment 2,DIFC,25.2136,55.2796,105,105,403,403,1.0
2026-02-20 22:46:43.946596,Segment 3,Business Bay,25.1872,55.2644,16,23,211,147,0.96
2026-02-20 22:46:45.078318,Segment 4,MOE,25.1182,55.2006,36,36,497,497,1.0
2026-02-20 23:16:30.356656,Segment 1,World Trade Centre,25.2262,55.287,38,52,56,41,1
2026-02-20 23:16:31.474594,Segment 2,DIFC,25.2136,55.2796,105,105,403,403,1
2026-02-20 23:16:32.590231,Segment 3,Business Bay,25.1872,55.2644,24,24,141,141,1
2026-02-20 23:16:33.707949,Segment 4,MOE,25.1182,55.2006,36,36,497,497,1
2026-02-20 23:47:52.929895,Segment 1,World Trade Centre,25.2262,55.287,38,52,56,41,1.0
2026-02-20 23:47:54.049309,Segment 2,DIFC,25.2136,55.2796,105,105,403,403,1.0
2026-02-20 23:47:55.166045,Segment 3,Business Bay,25.1872,55.2644,17,23,199,147,0.96
2026-02-20 23:47:56.288959,Segment 4,MOE,25.1182,55.2006,36,36,497,497,1.0
2026-02-21 00:58:32.129964,Segment 1,World Trade Centre,25.2262,55.287,33,52,65,41,0.99
2026-02-21 00:58:33.242045,Segment 2,DIFC,25.2136,55.2796,105,105,403,403,1.0
2026-02-21 00:58:34.361903,Segment 3,Business Bay,25.1872,55.2644,24,24,141,141,1.0
2026-02-21 00:58:35.459998,Segment 4,MOE,25.1182,55.2006,36,36,497,497,1.0
2026-02-21 03:28:24.406299,Segment 1,World Trade Centre,25.2262,55.287,50,52,43,41,0.99
2026-02-21 03:28:25.469539,Segment 2,DIFC,25.2136,55.2796,105,105,403,403,1.0
2026-02-21 03:28:26.532633,Segment 3,Business Bay,25.1872,55.2644,17,24,199,141,0.89
2026-02-21 03:28:27.591241,Segment 4,MOE,25.1182,55.2006,36,36,497,497,1.0
2026-02-21 04:54:05.061254,Segment 1,World Trade Centre,25.2262,55.287,47,52,45,41,1.0
2026-02-21 04:54:06.136898,Segment 2,DIFC,25.2136,55.2796,105,105,403,403,1.0
2026-02-21 04:54:07.204366,Segment 3,Business Bay,25.1872,55.2644,14,24,242,141,0.96
2026-02-21 04:54:08.272051,Segment 4,MOE,25.1182,55.2006,36,36,497,497,1.0
2026-02-21 05:50:06.124496,Segment 1,World Trade Centre,25.2262,55.287,53,53,40,40,1.0
2026-02-21 05:50:07.247924,Segment 2,DIFC,25.2136,55.2796,105,105,403,403,1.0
2026-02-21 05:50:08.360524,Segment 3,Business Bay,25.1872,55.2644,12,25,282,135,0.97
2026-02-21 05:50:09.468713,Segment 4,MOE,25.1182,55.2006,36,36,497,497,1.0
2026-02-21 06:34:20.170002,Segment 1,World Trade Centre,25.2262,55.287,44,52,48,41,1.0
2026-02-21 06:34:21.227518,Segment 2,DIFC,25.2136,55.2796,105,105,403,403,1.0
2026-02-21 06:34:22.282451,Segment 3,Business Bay,25.1872,55.2644,13,24,260,141,0.99
2026-02-21 06:34:23.335835,Segment 4,MOE,25.1182,55.2006,36,36,497,497,1.0
2026-02-21 07:19:41.305645,Segment 1,World Trade Centre,25.2262,55.287,43,53,50,40,1.0
2026-02-21 07:19:42.421524,Segment 2,DIFC,25.2136,55.2796,105,105,403,403,1.0
2026-02-21 07:19:43.541867,Segment 3,Business Bay,25.1872,55.2644,14,23,242,147,0.97
2026-02-21 07:19:44.662800,Segment 4,MOE,25.1182,55.2006,28,35,639,511,1.0
2026-02-21 07:49:42.484673,Segment 1,World Trade Centre,25.2262,55.287,35,52,61,41,1
2026-02-21 07:49:43.556211,Segment 2,DIFC,25.2136,55.2796,105,105,403,403,1
2026-02-21 07:49:44.620212,Segment 3,Business Bay,25.1872,55.2644,16,24,211,141,1
2026-02-21 07:49:45.694982,Segment 4,MOE,25.1182,55.2006,27,36,663,497,1
2026-02-21 08:21:54.700626,Segment 1,World Trade Centre,25.2262,55.287,37,52,58,41,1
2026-02-21 08:21:55.766661,Segment 2,DIFC,25.2136,55.2796,105,105,403,403,1
2026-02-21 08:21:56.840488,Segment 3,Business Bay,25.1872,55.2644,14,23,242,147,1
2026-02-21 08:21:57.911494,Segment 4,MOE,25.1182,55.2006,24,35,746,511,1
2026-02-21 08:57:55.071362,Segment 1,World Trade Centre,25.2262,55.287,25,53,86,40,1
2026-02-21 08:57:56.189198,Segment 2,DIFC,25.2136,55.2796,88,104,481,407,1
2026-02-21 08:57:57.310775,Segment 3,Business Bay,25.1872,55.2644,14,24,242,141,1
2026-02-21 08:57:58.429123,Segment 4,MOE,25.1182,55.2006,28,36,639,497,1
2026-02-21 09:40:05.127421,Segment 1,World Trade Centre,25.2262,55.287,33,52,65,41,1.0
2026-02-21 09:40:06.197912,Segment 2,DIFC,25.2136,55.2796,83,104,510,407,1.0
2026-02-21 09:40:07.272787,Segment 3,Business Bay,25.1872,55.2644,15,24,226,141,0.99
2026-02-21 09:40:08.343745,Segment 4,MOE,25.1182,55.2006,27,36,663,497,1.0
2026-02-21 09:59:15.812540,Segment 1,World Trade Centre,25.2262,55.287,22,47,97,45,1
2026-02-21 09:59:16.879841,Segment 2,DIFC,25.2136,55.2796,81,104,522,407,1
2026-02-21 09:59:17.947503,Segment 3,Business Bay,25.1872,55.2644,14,23,242,147,1
2026-02-21 09:59:19.015609,Segment 4,MOE,25.1182,55.2006,26,36,688,497,1
2026-02-21 10:39:50.189452,Segment 1,World Trade Centre,25.2262,55.287,33,52,65,41,1
2026-02-21 10:39:51.307977,Segment 2,DIFC,25.2136,55.2796,74,104,572,407,1
2026-02-21 10:39:52.424039,Segment 3,Business Bay,25.1872,55.2644,12,24,282,141,1
2026-02-21 10:39:53.542625,Segment 4,MOE,25.1182,55.2006,27,37,663,484,1
2026-02-21 11:00:51.331192,Segment 1,World Trade Centre,25.2262,55.287,24,52,89,41,1.0
2026-02-21 11:00:52.427361,Segment 2,DIFC,25.2136,55.2796,73,104,580,407,1.0
2026-02-21 11:00:53.532865,Segment 3,Business Bay,25.1872,55.2644,19,31,178,109,0.967302
2026-02-21 11:00:54.634449,Segment 4,MOE,25.1182,55.2006,29,35,617,511,1.0
2026-02-21 11:34:01.001669,Segment 1,World Trade Centre,25.2262,55.287,25,53,86,40,1
2026-02-21 11:34:02.068964,Segment 2,DIFC,25.2136,55.2796,84,104,504,407,1
2026-02-21 11:34:03.132972,Segment 3,Business Bay,25.1872,55.2644,13,24,260,141,1
2026-02-21 11:34:04.204942,Segment 4,MOE,25.1182,55.2006,24,37,746,484,1
2026-02-21 11:54:25.069058,Segment 1,World Trade Centre,25.2262,55.287,22,53,97,40,1.0
2026-02-21 11:54:26.187345,Segment 2,DIFC,25.2136,55.2796,86,103,492,411,1.0
2026-02-21 11:54:27.305012,Segment 3,Business Bay,25.1872,55.2644,17,23,199,147,0.99
2026-02-21 11:54:28.427332,Segment 4,MOE,25.1182,55.2006,26,37,688,484,1.0
2026-02-21 13:05:56.000376,Segment 1,World Trade Centre,25.2262,55.287,10,40,215,53,1.0
2026-02-21 13:05:57.069049,Segment 2,DIFC,25.2136,55.2796,105,105,403,403,1.0
2026-02-21 13:05:58.136382,Segment 3,Business Bay,25.1872,55.2644,15,24,226,141,0.96
2026-02-21 13:05:59.206334,Segment 4,MOE,25.1182,55.2006,24,37,746,484,1.0
2026-02-21 13:51:44.800740,Segment 1,World Trade Centre,25.2262,55.287,13,53,165,40,1
2026-02-21 13:51:45.916021,Segment 2,DIFC,25.2136,55.2796,105,105,403,403,1
2026-02-21 13:51:47.042439,Segment 3,Business Bay,25.1872,55.2644,14,24,242,141,1
2026-02-21 13:51:48.144444,Segment 4,MOE,25.1182,55.2006,25,36,716,497,1
2026-02-21 14:34:44.473611,Segment 1,World Trade Centre,25.2262,55.287,8,40,268,53,1.0
2026-02-21 14:34:45.544531,Segment 2,DIFC,25.2136,55.2796,105,105,403,403,1.0
2026-02-21 14:34:46.609448,Segment 3,Business Bay,25.1872,55.2644,15,23,226,147,0.99
2026-02-21 14:34:47.676945,Segment 4,MOE,25.1182,55.2006,32,37,559,484,1.0
2026-02-21 14:58:17.033606,Segment 1,World Trade Centre,25.2262,55.287,41,52,52,41,1.0
2026-02-21 14:58:18.088514,Segment 2,DIFC,25.2136,55.2796,105,105,403,403,1.0
2026-02-21 14:58:19.139719,Segment 3,Business Bay,25.1872,55.2644,13,23,260,147,0.99
2026-02-21 14:58:20.200025,Segment 4,MOE,25.1182,55.2006,26,35,688,511,1.0
2026-02-21 15:35:26.726132,Segment 1,World Trade Centre,25.2262,55.287,41,53,52,40,1.0
2026-02-21 15:35:27.780683,Segment 2,DIFC,25.2136,55.2796,105,105,403,403,1.0
2026-02-21 15:35:28.837876,Segment 3,Business Bay,25.1872,55.2644,21,30,161,113,0.967302
2026-02-21 15:35:29.892518,Segment 4,MOE,25.1182,55.2006,27,36,663,497,1.0
2026-02-21 15:56:30.370520,Segment 1,World Trade Centre,25.2262,55.287,26,53,82,40,1.0
2026-02-21 15:56:31.480021,Segment 2,DIFC,25.2136,55.2796,105,105,403,403,1.0
2026-02-21 15:56:32.579503,Segment 3,Business Bay,25.1872,55.2644,19,24,178,141,0.99
2026-02-21 15:56:33.675471,Segment 4,MOE,25.1182,55.2006,25,36,716,497,1.0
2026-02-21 16:40:29.321060,Segment 1,World Trade Centre,25.2262,55.287,35,52,61,41,1
2026-02-21 16:40:30.439135,Segment 2,DIFC,25.2136,55.2796,105,105,403,403,1
2026-02-21 16:40:31.559628,Segment 3,Business Bay,25.1872,55.2644,17,24,199,141,1
2026-02-21 16:40:32.675886,Segment 4,MOE,25.1182,55.2006,27,37,663,484,1
2026-02-21 17:13:40.006213,Segment 1,World Trade Centre,25.2262,55.287,16,42,134,51,1
2026-02-21 17:13:41.125234,Segment 2,DIFC,25.2136,55.2796,105,105,403,403,1
2026-02-21 17:13:42.243439,Segment 3,Business Bay,25.1872,55.2644,17,23,199,147,1
2026-02-21 17:13:43.363580,Segment 4,MOE,25.1182,55.2006,29,37,617,484,1
2026-02-21 17:46:49.694272,Segment 1,World Trade Centre,25.2262,55.287,18,44,119,48,1.0
2026-02-21 17:46:50.761996,Segment 2,DIFC,25.2136,55.2796,105,105,403,403,1.0
2026-02-21 17:46:51.831866,Segment 3,Business Bay,25.1872,55.2644,13,24,260,141,0.99
2026-02-21 17:46:52.902660,Segment 4,MOE,25.1182,55.2006,25,35,716,511,1.0
2026-02-21 18:16:04.074315,Segment 1,World Trade Centre,25.2262,55.287,14,43,153,50,1.0
2026-02-21 18:16:05.182856,Segment 2,DIFC,25.2136,55.2796,105,105,403,403,1.0
2026-02-21 18:16:06.310284,Segment 3,Business Bay,25.1872,55.2644,15,23,226,147,0.99
2026-02-21 18:16:07.440136,Segment 4,MOE,25.1182,55.2006,26,36,688,497,1.0
2026-02-21 18:56:43.230770,Segment 1,World Trade Centre,25.2262,55.287,40,53,53,40,1.0
2026-02-21 18:56:44.357080,Segment 2,DIFC,25.2136,55.2796,105,105,403,403,1.0
2026-02-21 18:56:45.477657,Segment 3,Business Bay,25.1872,55.2644,13,23,260,147,0.97
2026-02-21 18:56:46.597757,Segment 4,MOE,25.1182,55.2006,29,36,617,497,1.0
2026-02-21 19:32:49.980822,Segment 1,World Trade Centre,25.2262,55.287,39,53,55,40,1.0
2026-02-21 19:32:51.051513,Segment 2,DIFC,25.2136,55.2796,105,105,403,403,1.0
2026-02-21 19:32:52.119029,Segment 3,Business Bay,25.1872,55.2644,14,23,242,147,0.99
2026-02-21 19:32:53.189091,Segment 4,MOE,25.1182,55.2006,27,36,663,497,1.0
2026-02-21 19:53:43.460512,Segment 1,World Trade Centre,25.2262,55.287,40,53,53,40,1.0
2026-02-21 19:53:44.605980,Segment 2,DIFC,25.2136,55.2796,105,105,403,403,1.0
2026-02-21 19:53:45.752590,Segment 3,Business Bay,25.1872,55.2644,16,24,211,141,0.99
2026-02-21 19:53:46.881625,Segment 4,MOE,25.1182,55.2006,30,36,597,497,1.0
2026-02-21 20:34:39.031894,Segment 1,World Trade Centre,25.2262,55.287,21,46,102,46,1
2026-02-21 20:34:40.173972,Segment 2,DIFC,25.2136,55.2796,105,105,403,403,1
2026-02-21 20:34:41.300231,Segment 3,Business Bay,25.1872,55.2644,13,23,260,147,1
2026-02-21 20:34:42.421262,Segment 4,MOE,25.1182,55.2006,30,37,597,484,1
2026-02-21 20:56:34.648807,Segment 1,World Trade Centre,25.2262,55.287,15,52,143,41,1
2026-02-21 20:56:35.729750,Segment 2,DIFC,25.2136,55.2796,105,105,403,403,1
2026-02-21 20:56:36.799508,Segment 3,Business Bay,25.1872,55.2644,24,24,141,141,1
2026-02-21 20:56:37.889410,Segment 4,MOE,25.1182,55.2006,36,36,497,497,1
2026-02-21 21:33:19.611775,Segment 1,World Trade Centre,25.2262,55.287,13,54,165,39,1
2026-02-21 21:33:20.775443,Segment 2,DIFC,25.2136,55.2796,105,105,403,403,1
2026-02-21 21:33:21.936117,Segment 3,Business Bay,25.1872,55.2644,24,24,141,141,1
2026-02-21 21:33:23.077273,Segment 4,MOE,25.1182,55.2006,36,36,497,497,1
2026-02-21 21:55:08.043419,Segment 1,World Trade Centre,25.2262,55.287,36,52,59,41,1.0
2026-02-21 21:55:09.107352,Segment 2,DIFC,25.2136,55.2796,90,104,470,407,1.0
2026-02-21 21:55:10.173168,Segment 3,Business Bay,25.1872,55.2644,19,23,178,147,0.99
2026-02-21 21:55:11.239143,Segment 4,MOE,25.1182,55.2006,36,36,497,497,1.0
2026-02-21 22:33:33.652816,Segment 1,World Trade Centre,25.2262,55.287,34,52,63,41,1.0
2026-02-21 22:33:34.763049,Segment 2,DIFC,25.2136,55.2796,91,104,465,407,1.0
2026-02-21 22:33:35.873188,Segment 3,Business Bay,25.1872,55.2644,17,24,199,141,0.96
2026-02-21 22:33:36.970828,Segment 4,MOE,25.1182,55.2006,28,36,639,497,0.995654
2026-02-21 22:57:50.096176,Segment 1,World Trade Centre,25.2262,55.287,36,52,59,41,1.0
2026-02-21 22:57:51.161222,Segment 2,DIFC,25.2136,55.2796,105,105,403,403,1.0
2026-02-21 22:57:52.226846,Segment 3,Business Bay,25.1872,55.2644,19,24,178,141,0.95
2026-02-21 22:57:53.304311,Segment 4,MOE,25.1182,55.2006,36,36,497,497,1.0
2026-02-21 23:34:01.203704,Segment 1,World Trade Centre,25.2262,55.287,39,53,55,40,1.0
2026-02-21 23:34:02.314317,Segment 2,DIFC,25.2136,55.2796,94,104,450,407,1.0
2026-02-21 23:34:03.417725,Segment 3,Business Bay,25.1872,55.2644,17,23,199,147,0.96
2026-02-21 23:34:04.530622,Segment 4,MOE,25.1182,55.2006,36,36,497,497,1.0
2026-02-21 23:55:11.592823,Segment 1,World Trade Centre,25.2262,55.287,28,53,76,40,1
2026-02-21 23:55:12.658989,Segment 2,DIFC,25.2136,55.2796,105,105,403,403,1
2026-02-21 23:55:13.734914,Segment 3,Business Bay,25.1872,55.2644,24,24,141,141,1
2026-02-21 23:55:14.800826,Segment 4,MOE,25.1182,55.2006,36,36,497,497,1
2026-02-22 02:53:11.405686,Segment 1,World Trade Centre,25.2262,55.287,53,53,40,40,1.0
2026-02-22 02:53:12.578474,Segment 2,DIFC,25.2136,55.2796,105,105,403,403,1.0
2026-02-22 02:53:13.750376,Segment 3,Business Bay,25.1872,55.2644,17,24,199,141,0.93
2026-02-22 02:53:14.920394,Segment 4,MOE,25.1182,55.2006,36,36,497,497,1.0
2026-02-22 04:56:46.680034,Segment 1,World Trade Centre,25.2262,55.287,53,53,40,40,1
2026-02-22 04:56:47.842916,Segment 2,DIFC,25.2136,55.2796,105,105,403,403,1
2026-02-22 04:56:49.010314,Segment 3,Business Bay,25.1872,55.2644,24,24,141,141,1
2026-02-22 04:56:50.181531,Segment 4,MOE,25.1182,55.2006,36,36,497,497,1
2026-02-22 05:59:27.126089,Segment 1,World Trade Centre,25.2262,55.287,45,53,47,40,1.0
2026-02-22 05:59:28.248535,Segment 2,DIFC,25.2136,55.2796,105,105,403,403,1.0
2026-02-22 05:59:29.369372,Segment 3,Business Bay,25.1872,55.2644,16,23,211,147,0.96
2026-02-22 05:59:30.490796,Segment 4,MOE,25.1182,55.2006,36,36,497,497,1.0
2026-02-22 07:02:29.408698,Segment 1,World Trade Centre,25.2262,55.287,41,52,52,41,1.0
2026-02-22 07:02:30.531009,Segment 2,DIFC,25.2136,55.2796,105,105,403,403,1.0
2026-02-22 07:02:31.649832,Segment 3,Business Bay,25.1872,55.2644,15,24,226,141,0.98
2026-02-22 07:02:32.773240,Segment 4,MOE,25.1182,55.2006,28,36,639,497,0.996394
2026-02-22 07:48:49.519630,Segment 1,World Trade Centre,25.2262,55.287,53,53,40,40,1.0
2026-02-22 07:48:50.642390,Segment 2,DIFC,25.2136,55.2796,105,105,403,403,1.0
2026-02-22 07:48:51.755903,Segment 3,Business Bay,25.1872,55.2644,12,23,282,147,0.97
2026-02-22 07:48:52.877720,Segment 4,MOE,25.1182,55.2006,36,36,497,497,1.0
2026-02-22 08:20:16.606542,Segment 1,World Trade Centre,25.2262,55.287,53,53,40,40,1.0
2026-02-22 08:20:17.731053,Segment 2,DIFC,25.2136,55.2796,105,105,403,403,1.0
2026-02-22 08:20:18.853068,Segment 3,Business Bay,25.1872,55.2644,14,23,242,147,0.99
2026-02-22 08:20:19.978072,Segment 4,MOE,25.1182,55.2006,36,36,497,497,1.0
2026-02-22 08:55:07.576377,Segment 1,World Trade Centre,25.2262,55.287,42,52,51,41,1.0
2026-02-22 08:55:08.719467,Segment 2,DIFC,25.2136,55.2796,105,105,403,403,1.0
2026-02-22 08:55:09.859154,Segment 3,Business Bay,25.1872,55.2644,11,24,308,141,0.97
2026-02-22 08:55:11.010786,Segment 4,MOE,25.1182,55.2006,36,36,497,497,1.0
2026-02-22 09:40:02.940341,Segment 1,World Trade Centre,25.2262,55.287,44,53,48,40,1
2026-02-22 09:40:04.080634,Segment 2,DIFC,25.2136,55.2796,105,105,403,403,1
2026-02-22 09:40:05.225533,Segment 3,Business Bay,25.1872,55.2644,14,23,242,147,1
2026-02-22 09:40:06.345650,Segment 4,MOE,25.1182,55.2006,27,35,663,511,1
2026-02-22 10:00:05.618609,Segment 1,World Trade Centre,25.2262,55.287,28,53,76,40,1
2026-02-22 10:00:06.670757,Segment 2,DIFC,25.2136,55.2796,105,105,403,403,1
2026-02-22 10:00:07.722026,Segment 3,Business Bay,25.1872,55.2644,13,23,260,147,1
2026-02-22 10:00:08.783710,Segment 4,MOE,25.1182,55.2006,26,36,688,497,1
2026-02-22 10:39:32.846334,Segment 1,World Trade Centre,25.2262,55.287,28,52,76,41,1.0
2026-02-22 10:39:33.902550,Segment 2,DIFC,25.2136,55.2796,105,105,403,403,1.0
2026-02-22 10:39:34.964454,Segment 3,Business Bay,25.1872,55.2644,13,24,260,141,0.99
2026-02-22 10:39:36.019826,Segment 4,MOE,25.1182,55.2006,27,35,663,511,1.0
2026-02-22 11:00:09.044286,Segment 1,World Trade Centre,25.2262,55.287,36,53,59,40,1.0
2026-02-22 11:00:10.151209,Segment 2,DIFC,25.2136,55.2796,105,105,403,403,1.0
2026-02-22 11:00:11.248344,Segment 3,Business Bay,25.1872,55.2644,23,29,147,116,0.998025
2026-02-22 11:00:12.361070,Segment 4,MOE,25.1182,55.2006,30,35,597,511,1.0
2026-02-22 11:32:38.315411,Segment 1,World Trade Centre,25.2262,55.287,53,53,40,40,1.0
2026-02-22 11:32:39.436156,Segment 2,DIFC,25.2136,55.2796,105,105,403,403,1.0
2026-02-22 11:32:40.552922,Segment 3,Business Bay,25.1872,55.2644,16,23,211,147,0.97
2026-02-22 11:32:41.670112,Segment 4,MOE,25.1182,55.2006,28,37,639,484,1.0
2026-02-22 11:54:05.755946,Segment 1,World Trade Centre,25.2262,55.287,28,51,76,42,1.0
2026-02-22 11:54:06.879472,Segment 2,DIFC,25.2136,55.2796,105,105,403,403,1.0
2026-02-22 11:54:07.996496,Segment 3,Business Bay,25.1872,55.2644,17,23,199,147,0.99
2026-02-22 11:54:09.117985,Segment 4,MOE,25.1182,55.2006,26,36,688,497,1.0
2026-02-22 13:07:42.080787,Segment 1,World Trade Centre,25.2262,55.287,53,53,40,40,1.0
2026-02-22 13:07:43.252659,Segment 2,DIFC,25.2136,55.2796,105,105,403,403,1.0
2026-02-22 13:07:44.431784,Segment 3,Business Bay,25.1872,55.2644,12,23,282,147,0.98
2026-02-22 13:07:45.605405,Segment 4,MOE,25.1182,55.2006,29,36,617,497,1.0
2026-02-22 13:52:43.499230,Segment 1,World Trade Centre,25.2262,55.287,23,52,93,41,1.0
2026-02-22 13:52:44.598393,Segment 2,DIFC,25.2136,55.2796,105,105,403,403,1.0
2026-02-22 13:52:45.697556,Segment 3,Business Bay,25.1872,55.2644,14,23,242,147,0.97
2026-02-22 13:52:46.810136,Segment 4,MOE,25.1182,55.2006,24,35,746,511,1.0
2026-02-22 14:35:04.534080,Segment 1,World Trade Centre,25.2262,55.287,53,53,40,40,1.0
2026-02-22 14:35:05.699352,Segment 2,DIFC,25.2136,55.2796,105,105,403,403,1.0
2026-02-22 14:35:06.826309,Segment 3,Business Bay,25.1872,55.2644,17,24,199,141,0.96
2026-02-22 14:35:08.001292,Segment 4,MOE,25.1182,55.2006,26,35,688,511,1.0
2026-02-22 14:58:30.645310,Segment 1,World Trade Centre,25.2262,55.287,38,52,56,41,1.0
2026-02-22 14:58:31.796432,Segment 2,DIFC,25.2136,55.2796,105,105,403,403,1.0
2026-02-22 14:58:32.936288,Segment 3,Business Bay,25.1872,55.2644,16,24,211,141,0.99
2026-02-22 14:58:34.083310,Segment 4,MOE,25.1182,55.2006,29,36,617,497,1.0
2026-02-22 15:35:51.770268,Segment 1,World Trade Centre,25.2262,55.287,28,52,76,41,1.0
2026-02-22 15:35:52.937157,Segment 2,DIFC,25.2136,55.2796,105,105,403,403,1.0
2026-02-22 15:35:54.103649,Segment 3,Business Bay,25.1872,55.2644,16,23,211,147,0.99
2026-02-22 15:35:55.280180,Segment 4,MOE,25.1182,55.2006,28,36,639,497,1.0
2026-02-22 15:57:10.099215,Segment 1,World Trade Centre,25.2262,55.287,44,52,48,41,1.0
2026-02-22 15:57:11.172899,Segment 2,DIFC,25.2136,55.2796,105,105,403,403,1.0
2026-02-22 15:57:12.246282,Segment 3,Business Bay,25.1872,55.2644,13,24,260,141,0.97
2026-02-22 15:57:13.318844,Segment 4,MOE,25.1182,55.2006,25,35,716,511,1.0
2026-02-22 16:42:21.461727,Segment 1,World Trade Centre,25.2262,55.287,42,52,51,41,1.0
2026-02-22 16:42:22.603065,Segment 2,DIFC,25.2136,55.2796,105,105,403,403,1.0
2026-02-22 16:42:23.745841,Segment 3,Business Bay,25.1872,55.2644,12,24,282,141,0.97
2026-02-22 16:42:24.906209,Segment 4,MOE,25.1182,55.2006,28,36,639,497,1.0
2026-02-22 17:13:45.175804,Segment 1,World Trade Centre,25.2262,55.287,34,52,63,41,1
2026-02-22 17:13:46.242736,Segment 2,DIFC,25.2136,55.2796,105,105,403,403,1
2026-02-22 17:13:47.315844,Segment 3,Business Bay,25.1872,55.2644,24,24,141,141,1
2026-02-22 17:13:48.390237,Segment 4,MOE,25.1182,55.2006,28,35,639,511,1
2026-02-22 17:46:24.792677,Segment 1,World Trade Centre,25.2262,55.287,37,53,58,40,1.0
2026-02-22 17:46:25.941182,Segment 2,DIFC,25.2136,55.2796,105,105,403,403,1.0
2026-02-22 17:46:27.046375,Segment 3,Business Bay,25.1872,55.2644,13,24,260,141,0.97
2026-02-22 17:46:28.142706,Segment 4,MOE,25.1182,55.2006,28,37,639,484,1.0
2026-02-22 18:16:24.376136,Segment 1,World Trade Centre,25.2262,55.287,39,52,55,41,1.0
2026-02-22 18:16:25.496112,Segment 2,DIFC,25.2136,55.2796,105,105,403,403,1.0
2026-02-22 18:16:26.636753,Segment 3,Business Bay,25.1872,55.2644,11,23,308,147,0.99
2026-02-22 18:16:27.758055,Segment 4,MOE,25.1182,55.2006,30,36,597,497,1.0
2026-02-22 18:56:51.887571,Segment 1,World Trade Centre,25.2262,55.287,41,52,52,41,1
2026-02-22 18:56:53.071871,Segment 2,DIFC,25.2136,55.2796,105,105,403,403,1
2026-02-22 18:56:54.239307,Segment 3,Business Bay,25.1872,55.2644,16,24,211,141,1
2026-02-22 18:56:55.410354,Segment 4,MOE,25.1182,55.2006,27,35,663,511,1
2026-02-22 19:33:46.832413,Segment 1,World Trade Centre,25.2262,55.287,53,53,40,40,1.0
2026-02-22 19:33:47.943449,Segment 2,DIFC,25.2136,55.2796,105,105,403,403,1.0
2026-02-22 19:33:49.043835,Segment 3,Business Bay,25.1872,55.2644,13,23,260,147,0.99
2026-02-22 19:33:50.142816,Segment 4,MOE,25.1182,55.2006,36,36,497,497,1.0
2026-02-22 19:53:57.034015,Segment 1,World Trade Centre,25.2262,55.287,33,52,65,41,1.0
2026-02-22 19:53:58.198908,Segment 2,DIFC,25.2136,55.2796,105,105,403,403,1.0
2026-02-22 19:53:59.361600,Segment 3,Business Bay,25.1872,55.2644,18,24,188,141,0.99
2026-02-22 19:54:00.529507,Segment 4,MOE,25.1182,55.2006,36,36,497,497,1.0
2026-02-22 20:36:36.822655,Segment 1,World Trade Centre,25.2262,55.287,8,50,268,43,1.0
2026-02-22 20:36:37.953365,Segment 2,DIFC,25.2136,55.2796,84,105,504,403,1.0
2026-02-22 20:36:39.112308,Segment 3,Business Bay,25.1872,55.2644,15,24,226,141,0.96
2026-02-22 20:36:40.280105,Segment 4,MOE,25.1182,55.2006,36,36,497,497,1.0
2026-02-22 20:58:36.858316,Segment 1,World Trade Centre,25.2262,55.287,31,52,69,41,1.0
2026-02-22 20:58:37.960179,Segment 2,DIFC,25.2136,55.2796,85,105,498,403,1.0
2026-02-22 20:58:39.097570,Segment 3,Business Bay,25.1872,55.2644,18,24,188,141,0.98
2026-02-22 20:58:40.237271,Segment 4,MOE,25.1182,55.2006,36,36,497,497,1.0
2026-02-22 21:34:55.493406,Segment 1,World Trade Centre,25.2262,55.287,32,52,67,41,1
2026-02-22 21:34:56.614333,Segment 2,DIFC,25.2136,55.2796,87,104,486,407,1
2026-02-22 21:34:57.744156,Segment 3,Business Bay,25.1872,55.2644,24,24,141,141,1
2026-02-22 21:34:58.863906,Segment 4,MOE,25.1182,55.2006,36,36,497,497,1
2026-02-22 21:55:27.135997,Segment 1,World Trade Centre,25.2262,55.287,37,53,58,40,1.0
2026-02-22 21:55:28.247147,Segment 2,DIFC,25.2136,55.2796,89,104,475,407,1.0
2026-02-22 21:55:29.358473,Segment 3,Business Bay,25.1872,55.2644,17,24,199,141,0.96
2026-02-22 21:55:30.464586,Segment 4,MOE,25.1182,55.2006,36,36,497,497,1.0
2026-02-22 22:34:32.344528,Segment 1,World Trade Centre,25.2262,55.287,40,52,53,41,1.0
2026-02-22 22:34:33.463423,Segment 2,DIFC,25.2136,55.2796,105,105,403,403,1.0
2026-02-22 22:34:34.581377,Segment 3,Business Bay,25.1872,55.2644,15,24,226,141,0.96
2026-02-22 22:34:35.700223,Segment 4,MOE,25.1182,55.2006,36,36,497,497,1.0
2026-02-22 22:59:10.656341,Segment 1,World Trade Centre,25.2262,55.287,37,52,58,41,1
2026-02-22 22:59:11.777732,Segment 2,DIFC,25.2136,55.2796,105,105,403,403,1
2026-02-22 22:59:12.898098,Segment 3,Business Bay,25.1872,55.2644,24,24,141,141,1
2026-02-22 22:59:14.014928,Segment 4,MOE,25.1182,55.2006,36,36,497,497,1
2026-02-22 23:36:55.672700,Segment 1,World Trade Centre,25.2262,55.287,49,52,43,41,0.741733
2026-02-22 23:36:56.793010,Segment 2,DIFC,25.2136,55.2796,105,105,403,403,1.0
2026-02-22 23:36:57.916793,Segment 3,Business Bay,25.1872,55.2644,19,23,178,147,0.95
2026-02-22 23:36:59.035980,Segment 4,MOE,25.1182,55.2006,36,36,497,497,1.0
2026-02-22 23:58:00.844739,Segment 1,World Trade Centre,25.2262,55.287,49,52,43,41,0.852949
2026-02-22 23:58:01.903515,Segment 2,DIFC,25.2136,55.2796,105,105,403,403,1.0
2026-02-22 23:58:02.958831,Segment 3,Business Bay,25.1872,55.2644,24,24,141,141,1.0
2026-02-22 23:58:04.008172,Segment 4,MOE,25.1182,55.2006,36,36,497,497,1.0
2026-02-23 03:14:30.451966,Segment 1,World Trade Centre,25.2262,55.287,48,53,44,40,1.0
2026-02-23 03:14:31.574550,Segment 2,DIFC,25.2136,55.2796,105,105,403,403,1.0
2026-02-23 03:14:32.689178,Segment 3,Business Bay,25.1872,55.2644,16,24,211,141,0.98
2026-02-23 03:14:33.807805,Segment 4,MOE,25.1182,55.2006,36,36,497,497,1.0
2026-02-23 05:12:14.717932,Segment 1,World Trade Centre,25.2262,55.287,35,53,61,40,1
2026-02-23 05:12:15.788129,Segment 2,DIFC,25.2136,55.2796,105,105,403,403,1
2026-02-23 05:12:16.854971,Segment 3,Business Bay,25.1872,55.2644,11,24,308,141,1
2026-02-23 05:12:17.923479,Segment 4,MOE,25.1182,55.2006,36,36,497,497,1
2026-02-23 06:37:49.776108,Segment 1,World Trade Centre,25.2262,55.287,19,53,113,40,1.0
2026-02-23 06:37:50.943946,Segment 2,DIFC,25.2136,55.2796,105,105,403,403,1.0
2026-02-23 06:37:52.114096,Segment 3,Business Bay,25.1872,55.2644,17,30,199,113,1.0
2026-02-23 06:37:53.285818,Segment 4,MOE,25.1182,55.2006,29,37,617,484,0.999533
2026-02-23 07:42:23.227310,Segment 1,World Trade Centre,25.2262,55.287,16,54,134,39,1.0
2026-02-23 07:42:24.344057,Segment 2,DIFC,25.2136,55.2796,105,105,403,403,1.0
2026-02-23 07:42:25.468412,Segment 3,Business Bay,25.1872,55.2644,19,24,178,141,0.96
2026-02-23 07:42:26.602794,Segment 4,MOE,25.1182,55.2006,26,35,688,511,1.0
2026-02-23 08:32:45.310018,Segment 1,World Trade Centre,25.2262,55.287,35,52,61,41,1.0
2026-02-23 08:32:46.435499,Segment 2,DIFC,25.2136,55.2796,81,103,522,411,1.0
2026-02-23 08:32:47.560224,Segment 3,Business Bay,25.1872,55.2644,12,24,282,141,0.97
2026-02-23 08:32:48.684534,Segment 4,MOE,25.1182,55.2006,27,36,663,497,1.0
2026-02-23 09:36:37.295081,Segment 1,World Trade Centre,25.2262,55.287,24,53,89,40,1
2026-02-23 09:36:38.428589,Segment 2,DIFC,25.2136,55.2796,70,104,605,407,1
2026-02-23 09:36:39.556429,Segment 3,Business Bay,25.1872,55.2644,17,23,199,147,1
2026-02-23 09:36:40.677008,Segment 4,MOE,25.1182,55.2006,28,37,639,484,1
2026-02-23 10:34:38.289732,Segment 1,World Trade Centre,25.2262,55.287,23,46,93,46,1.0
2026-02-23 10:34:39.349726,Segment 2,DIFC,25.2136,55.2796,46,103,920,411,1.0
2026-02-23 10:34:40.404642,Segment 3,Business Bay,25.1872,55.2644,12,24,282,141,0.99
2026-02-23 10:34:41.468136,Segment 4,MOE,25.1182,55.2006,26,37,688,484,1.0
2026-02-23 11:26:37.029044,Segment 1,World Trade Centre,25.2262,55.287,6,38,358,56,1
2026-02-23 11:26:38.082919,Segment 2,DIFC,25.2136,55.2796,33,102,1283,415,1
2026-02-23 11:26:39.138394,Segment 3,Business Bay,25.1872,55.2644,10,24,339,141,1
2026-02-23 11:26:40.197680,Segment 4,MOE,25.1182,55.2006,24,35,746,511,1
2026-02-23 12:02:38.999294,Segment 1,World Trade Centre,25.2262,55.287,4,40,537,53,1.0
2026-02-23 12:02:40.182275,Segment 2,DIFC,25.2136,55.2796,29,105,1460,403,1.0
2026-02-23 12:02:41.360875,Segment 3,Business Bay,25.1872,55.2644,11,27,308,125,0.992993
2026-02-23 12:02:42.543913,Segment 4,MOE,25.1182,55.2006,25,35,716,511,1.0
2026-02-23 13:41:34.495837,Segment 1,World Trade Centre,25.2262,55.287,4,50,537,43,1.0
2026-02-23 13:41:35.575372,Segment 2,DIFC,25.2136,55.2796,27,102,1568,415,1.0
2026-02-23 13:41:36.649735,Segment 3,Business Bay,25.1872,55.2644,15,25,226,135,0.998004
2026-02-23 13:41:37.720285,Segment 4,MOE,25.1182,55.2006,25,36,716,497,1.0
2026-02-23 14:37:52.143921,Segment 1,World Trade Centre,25.2262,55.287,5,43,430,50,1.0
2026-02-23 14:37:53.280796,Segment 2,DIFC,25.2136,55.2796,86,104,492,407,1.0
2026-02-23 14:37:54.400268,Segment 3,Business Bay,25.1872,55.2644,14,23,242,147,0.99
2026-02-23 14:37:55.558135,Segment 4,MOE,25.1182,55.2006,29,36,617,497,1.0
2026-02-23 15:32:02.004333,Segment 1,World Trade Centre,25.2262,55.287,35,52,61,41,1
2026-02-23 15:32:03.142337,Segment 2,DIFC,25.2136,55.2796,105,105,403,403,1
2026-02-23 15:32:04.266091,Segment 3,Business Bay,25.1872,55.2644,15,23,226,147,1
2026-02-23 15:32:05.397640,Segment 4,MOE,25.1182,55.2006,27,36,663,497,1
2026-02-23 16:35:31.381019,Segment 1,World Trade Centre,25.2262,55.287,32,53,67,40,1.0
2026-02-23 16:35:32.529229,Segment 2,DIFC,25.2136,55.2796,105,105,403,403,1.0
2026-02-23 16:35:33.634819,Segment 3,Business Bay,25.1872,55.2644,12,23,282,147,0.97
2026-02-23 16:35:34.705335,Segment 4,MOE,25.1182,55.2006,25,34,716,526,1.0
2026-02-23 17:46:16.608158,Segment 1,World Trade Centre,25.2262,55.287,25,52,86,41,1.0
2026-02-23 17:46:17.675118,Segment 2,DIFC,25.2136,55.2796,105,105,403,403,1.0
2026-02-23 17:46:18.753574,Segment 3,Business Bay,25.1872,55.2644,21,29,161,116,0.98277
2026-02-23 17:46:19.821448,Segment 4,MOE,25.1182,55.2006,26,37,688,484,1.0
2026-02-23 18:43:37.991155,Segment 1,World Trade Centre,25.2262,55.287,31,52,69,41,1.0
2026-02-23 18:43:39.115678,Segment 2,DIFC,25.2136,55.2796,105,105,403,403,1.0
2026-02-23 18:43:40.240353,Segment 3,Business Bay,25.1872,55.2644,16,24,211,141,0.96
2026-02-23 18:43:41.361888,Segment 4,MOE,25.1182,55.2006,29,35,617,511,1.0
2026-02-23 19:47:28.622869,Segment 1,World Trade Centre,25.2262,55.287,41,53,52,40,1.0
2026-02-23 19:47:29.693149,Segment 2,DIFC,25.2136,55.2796,105,105,403,403,1.0
2026-02-23 19:47:30.759438,Segment 3,Business Bay,25.1872,55.2644,13,24,260,141,0.97
2026-02-23 19:47:31.815568,Segment 4,MOE,25.1182,55.2006,28,35,639,511,1.0
2026-02-23 20:30:17.686489,Segment 1,World Trade Centre,25.2262,55.287,53,53,40,40,1.0
2026-02-23 20:30:18.850502,Segment 2,DIFC,25.2136,55.2796,105,105,403,403,1.0
2026-02-23 20:30:20.022977,Segment 3,Business Bay,25.1872,55.2644,15,24,226,141,0.99
2026-02-23 20:30:21.185358,Segment 4,MOE,25.1182,55.2006,36,36,497,497,1.0
2026-02-23 21:26:47.825632,Segment 1,World Trade Centre,25.2262,55.287,34,53,63,40,1.0
2026-02-23 21:26:48.970999,Segment 2,DIFC,25.2136,55.2796,105,105,403,403,1.0
2026-02-23 21:26:50.082733,Segment 3,Business Bay,25.1872,55.2644,18,24,188,141,0.96
2026-02-23 21:26:51.208986,Segment 4,MOE,25.1182,55.2006,36,36,497,497,1.0
2026-02-23 22:10:41.958738,Segment 1,World Trade Centre,25.2262,55.287,35,52,61,41,1.0
2026-02-23 22:10:43.072315,Segment 2,DIFC,25.2136,55.2796,105,105,403,403,1.0
2026-02-23 22:10:44.187765,Segment 3,Business Bay,25.1872,55.2644,16,23,211,147,0.99
2026-02-23 22:10:45.318779,Segment 4,MOE,25.1182,55.2006,36,36,497,497,1.0
2026-02-23 23:04:43.101835,Segment 1,World Trade Centre,25.2262,55.287,35,52,61,41,1
2026-02-23 23:04:44.207357,Segment 2,DIFC,25.2136,55.2796,105,105,403,403,1
2026-02-23 23:04:45.317554,Segment 3,Business Bay,25.1872,55.2644,24,24,141,141,1
2026-02-23 23:04:46.414177,Segment 4,MOE,25.1182,55.2006,36,36,497,497,1
2026-02-23 23:46:44.802417,Segment 1,World Trade Centre,25.2262,55.287,35,52,61,41,1
2026-02-23 23:46:45.884409,Segment 2,DIFC,25.2136,55.2796,105,105,403,403,1
2026-02-23 23:46:46.963690,Segment 3,Business Bay,25.1872,55.2644,24,24,141,141,1
2026-02-23 23:46:48.032741,Segment 4,MOE,25.1182,55.2006,36,36,497,497,1
2026-02-24 00:55:04.684727,Segment 1,World Trade Centre,25.2262,55.287,44,52,48,41,1.0
2026-02-24 00:55:05.758970,Segment 2,DIFC,25.2136,55.2796,105,105,403,403,1.0
2026-02-24 00:55:06.827688,Segment 3,Business Bay,25.1872,55.2644,19,23,178,147,0.89
2026-02-24 00:55:07.895903,Segment 4,MOE,25.1182,55.2006,36,36,497,497,1.0
2026-02-24 03:40:34.544630,Segment 1,World Trade Centre,25.2262,55.287,37,52,58,41,1.0
2026-02-24 03:40:35.710827,Segment 2,DIFC,25.2136,55.2796,105,105,403,403,1.0
2026-02-24 03:40:36.892837,Segment 3,Business Bay,25.1872,55.2644,17,23,199,147,0.99
2026-02-24 03:40:38.061378,Segment 4,MOE,25.1182,55.2006,36,36,497,497,1.0
2026-02-24 05:14:51.032685,Segment 1,World Trade Centre,25.2262,55.287,19,52,113,41,1
2026-02-24 05:14:52.209503,Segment 2,DIFC,25.2136,55.2796,105,105,403,403,1
2026-02-24 05:14:53.380323,Segment 3,Business Bay,25.1872,55.2644,12,23,282,147,1
2026-02-24 05:14:54.559539,Segment 4,MOE,25.1182,55.2006,36,36,497,497,1
2026-02-24 06:15:50.746952,Segment 1,World Trade Centre,25.2262,55.287,28,53,76,40,1
2026-02-24 06:15:51.860337,Segment 2,DIFC,25.2136,55.2796,105,105,403,403,1
2026-02-24 06:15:52.970669,Segment 3,Business Bay,25.1872,55.2644,10,23,339,147,1
2026-02-24 06:15:54.086331,Segment 4,MOE,25.1182,55.2006,36,36,497,497,1
2026-02-24 07:31:04.452798,Segment 1,World Trade Centre,25.2262,55.287,25,52,86,41,1.0
2026-02-24 07:31:05.597587,Segment 2,DIFC,25.2136,55.2796,105,105,403,403,1.0
2026-02-24 07:31:06.738059,Segment 3,Business Bay,25.1872,55.2644,21,30,161,113,0.989203
2026-02-24 07:31:07.866566,Segment 4,MOE,25.1182,55.2006,36,36,497,497,1.0
2026-02-24 08:27:29.424526,Segment 1,World Trade Centre,25.2262,55.287,20,53,107,40,1.0
2026-02-24 08:27:30.554847,Segment 2,DIFC,25.2136,55.2796,80,104,529,407,1.0
2026-02-24 08:27:31.684886,Segment 3,Business Bay,25.1872,55.2644,18,29,188,116,0.992739
2026-02-24 08:27:32.834403,Segment 4,MOE,25.1182,55.2006,26,35,688,511,1.0
2026-02-24 09:32:14.303043,Segment 1,World Trade Centre,25.2262,55.287,21,52,102,41,1.0
2026-02-24 09:32:15.427859,Segment 2,DIFC,25.2136,55.2796,66,104,641,407,1.0
2026-02-24 09:32:16.547084,Segment 3,Business Bay,25.1872,55.2644,17,23,199,147,0.99
2026-02-24 09:32:17.667189,Segment 4,MOE,25.1182,55.2006,26,35,688,511,0.999042
2026-02-24 10:31:48.821802,Segment 1,World Trade Centre,25.2262,55.287,17,43,126,50,1
2026-02-24 10:31:49.945356,Segment 2,DIFC,25.2136,55.2796,47,103,901,411,1
2026-02-24 10:31:51.076633,Segment 3,Business Bay,25.1872,55.2644,16,24,211,141,1
2026-02-24 10:31:52.194928,Segment 4,MOE,25.1182,55.2006,26,36,688,497,1
2026-02-24 11:27:39.502676,Segment 1,World Trade Centre,25.2262,55.287,7,39,307,55,1
2026-02-24 11:27:40.620690,Segment 2,DIFC,25.2136,55.2796,39,103,1085,411,1
2026-02-24 11:27:41.738338,Segment 3,Business Bay,25.1872,55.2644,10,24,339,141,1
2026-02-24 11:27:42.857821,Segment 4,MOE,25.1182,55.2006,24,36,746,497,1
2026-02-24 12:04:35.001838,Segment 1,World Trade Centre,25.2262,55.287,6,44,358,48,1.0
2026-02-24 12:04:36.126882,Segment 2,DIFC,25.2136,55.2796,33,106,1283,399,1.0
2026-02-24 12:04:37.244806,Segment 3,Business Bay,25.1872,55.2644,8,32,423,105,0.993206
2026-02-24 12:04:38.344356,Segment 4,MOE,25.1182,55.2006,27,37,663,484,1.0
2026-02-24 13:43:00.048668,Segment 1,World Trade Centre,25.2262,55.287,8,56,268,38,1.0
2026-02-24 13:43:01.200552,Segment 2,DIFC,25.2136,55.2796,45,103,941,411,1.0
2026-02-24 13:43:02.345076,Segment 3,Business Bay,25.1872,55.2644,13,23,260,147,0.97
2026-02-24 13:43:03.482997,Segment 4,MOE,25.1182,55.2006,25,35,716,511,1.0
2026-02-24 14:42:23.715674,Segment 1,World Trade Centre,25.2262,55.287,14,53,153,40,1.0
2026-02-24 14:42:24.845150,Segment 2,DIFC,25.2136,55.2796,105,105,403,403,1.0
2026-02-24 14:42:26.001959,Segment 3,Business Bay,25.1872,55.2644,13,23,260,147,0.99
2026-02-24 14:42:27.144085,Segment 4,MOE,25.1182,55.2006,36,36,497,497,1.0
2026-02-24 15:42:24.858408,Segment 1,World Trade Centre,25.2262,55.287,30,52,71,41,1
2026-02-24 15:42:26.004650,Segment 2,DIFC,25.2136,55.2796,105,105,403,403,1
2026-02-24 15:42:27.169761,Segment 3,Business Bay,25.1872,55.2644,13,24,260,141,1
2026-02-24 15:42:28.292646,Segment 4,MOE,25.1182,55.2006,26,36,688,497,1
2026-02-24 16:50:21.672985,Segment 1,World Trade Centre,25.2262,55.287,35,52,61,41,1.0
2026-02-24 16:50:22.796320,Segment 2,DIFC,25.2136,55.2796,105,105,403,403,1.0
2026-02-24 16:50:23.925074,Segment 3,Business Bay,25.1872,55.2644,14,24,242,141,0.97
2026-02-24 16:50:25.059444,Segment 4,MOE,25.1182,55.2006,28,37,639,484,1.0
2026-02-24 17:53:21.645464,Segment 1,World Trade Centre,25.2262,55.287,32,53,67,40,1.0
2026-02-24 17:53:22.770834,Segment 2,DIFC,25.2136,55.2796,105,105,403,403,1.0
2026-02-24 17:53:23.892019,Segment 3,Business Bay,25.1872,55.2644,13,24,260,141,0.99
2026-02-24 17:53:25.019710,Segment 4,MOE,25.1182,55.2006,23,35,778,511,1.0
2026-02-24 19:13:19.480817,Segment 1,World Trade Centre,25.2262,55.287,43,52,50,41,1.0
2026-02-24 19:13:20.551712,Segment 2,DIFC,25.2136,55.2796,105,105,403,403,1.0
2026-02-24 19:13:21.631869,Segment 3,Business Bay,25.1872,55.2644,12,24,282,141,0.97
2026-02-24 19:13:22.744636,Segment 4,MOE,25.1182,55.2006,28,37,639,484,1.0
2026-02-24 19:54:54.929656,Segment 1,World Trade Centre,25.2262,55.287,53,53,40,40,1.0
2026-02-24 19:54:56.105325,Segment 2,DIFC,25.2136,55.2796,105,105,403,403,1.0
2026-02-24 19:54:57.279102,Segment 3,Business Bay,25.1872,55.2644,16,24,211,141,0.96
2026-02-24 19:54:58.452820,Segment 4,MOE,25.1182,55.2006,28,36,639,497,1.0
2026-02-24 20:47:36.802316,Segment 1,World Trade Centre,25.2262,55.287,31,52,69,41,1.0
2026-02-24 20:47:37.952983,Segment 2,DIFC,25.2136,55.2796,105,105,403,403,1.0
2026-02-24 20:47:39.090000,Segment 3,Business Bay,25.1872,55.2644,15,23,226,147,0.99
2026-02-24 20:47:40.229020,Segment 4,MOE,25.1182,55.2006,27,35,663,511,1.0
2026-02-24 21:22:38.984418,Segment 1,World Trade Centre,25.2262,55.287,32,52,67,41,1.0
2026-02-24 21:22:40.099146,Segment 2,DIFC,25.2136,55.2796,105,105,403,403,1.0
2026-02-24 21:22:41.234375,Segment 3,Business Bay,25.1872,55.2644,19,24,178,141,0.99
2026-02-24 21:22:42.377729,Segment 4,MOE,25.1182,55.2006,28,35,639,511,0.9918
2026-02-24 22:01:07.359384,Segment 1,World Trade Centre,25.2262,55.287,42,52,51,41,0.918654
2026-02-24 22:01:08.492942,Segment 2,DIFC,25.2136,55.2796,94,104,450,407,1.0
2026-02-24 22:01:09.615656,Segment 3,Business Bay,25.1872,55.2644,16,23,211,147,0.99
2026-02-24 22:01:10.736240,Segment 4,MOE,25.1182,55.2006,31,37,577,484,0.998239
2026-02-24 22:52:11.677562,Segment 1,World Trade Centre,25.2262,55.287,46,52,46,41,0.874424
2026-02-24 22:52:12.736553,Segment 2,DIFC,25.2136,55.2796,95,104,445,407,1.0
2026-02-24 22:52:13.793519,Segment 3,Business Bay,25.1872,55.2644,17,24,199,141,0.96
2026-02-24 22:52:14.880617,Segment 4,MOE,25.1182,55.2006,36,36,497,497,1.0
2026-02-24 23:40:25.653864,Segment 1,World Trade Centre,25.2262,55.287,6,9,358,239,0.688977
2026-02-24 23:40:26.722071,Segment 2,DIFC,25.2136,55.2796,105,105,403,403,1.0
2026-02-24 23:40:27.791731,Segment 3,Business Bay,25.1872,55.2644,18,24,188,141,0.95
2026-02-24 23:40:28.871328,Segment 4,MOE,25.1182,55.2006,36,36,497,497,1.0
2026-02-25 01:00:06.689121,Segment 1,World Trade Centre,25.2262,55.287,6,9,358,239,0.542949
2026-02-25 01:00:07.871052,Segment 2,DIFC,25.2136,55.2796,105,105,403,403,1.0
2026-02-25 01:00:09.018022,Segment 3,Business Bay,25.1872,55.2644,19,23,178,147,0.9
2026-02-25 01:00:10.185753,Segment 4,MOE,25.1182,55.2006,36,36,497,497,1.0
2026-02-25 03:43:29.671224,Segment 1,World Trade Centre,25.2262,55.287,32,53,67,40,1.0
2026-02-25 03:43:30.769894,Segment 2,DIFC,25.2136,55.2796,105,105,403,403,1.0
2026-02-25 03:43:31.881147,Segment 3,Business Bay,25.1872,55.2644,15,24,226,141,0.99
2026-02-25 03:43:32.981230,Segment 4,MOE,25.1182,55.2006,36,36,497,497,1.0
2026-02-25 05:17:09.694984,Segment 1,World Trade Centre,25.2262,55.287,53,53,40,40,1.0
2026-02-25 05:17:10.815592,Segment 2,DIFC,25.2136,55.2796,105,105,403,403,1.0
2026-02-25 05:17:11.928157,Segment 3,Business Bay,25.1872,55.2644,11,24,308,141,0.97
2026-02-25 05:17:13.042793,Segment 4,MOE,25.1182,55.2006,28,34,639,526,0.999541
2026-02-25 06:36:27.210336,Segment 1,World Trade Centre,25.2262,55.287,24,53,89,40,1
2026-02-25 06:36:28.352040,Segment 2,DIFC,25.2136,55.2796,105,105,403,403,1
2026-02-25 06:36:29.457037,Segment 3,Business Bay,25.1872,55.2644,10,23,339,147,1
2026-02-25 06:36:30.574171,Segment 4,MOE,25.1182,55.2006,36,36,497,497,1
2026-02-25 07:38:53.341604,Segment 1,World Trade Centre,25.2262,55.287,35,52,61,41,1.0
2026-02-25 07:38:54.509611,Segment 2,DIFC,25.2136,55.2796,85,103,498,411,1.0
2026-02-25 07:38:55.677821,Segment 3,Business Bay,25.1872,55.2644,16,24,211,141,0.99
2026-02-25 07:38:56.846667,Segment 4,MOE,25.1182,55.2006,27,35,663,511,1.0
2026-02-25 08:30:01.011197,Segment 1,World Trade Centre,25.2262,55.287,26,52,82,41,1.0
2026-02-25 08:30:02.133913,Segment 2,DIFC,25.2136,55.2796,75,104,564,407,1.0
2026-02-25 08:30:03.252587,Segment 3,Business Bay,25.1872,55.2644,20,29,169,116,0.955041
2026-02-25 08:30:04.377282,Segment 4,MOE,25.1182,55.2006,29,35,617,511,1.0
2026-02-25 09:33:37.706035,Segment 1,World Trade Centre,25.2262,55.287,28,52,76,41,1
2026-02-25 09:33:38.831068,Segment 2,DIFC,25.2136,55.2796,62,104,683,407,1
2026-02-25 09:33:39.958913,Segment 3,Business Bay,25.1872,55.2644,15,24,226,141,1
2026-02-25 09:33:41.075741,Segment 4,MOE,25.1182,55.2006,27,36,663,497,1
2026-02-25 10:34:31.355759,Segment 1,World Trade Centre,25.2262,55.287,6,39,358,55,1.0
2026-02-25 10:34:32.489239,Segment 2,DIFC,25.2136,55.2796,47,105,901,403,1.0
2026-02-25 10:34:33.619383,Segment 3,Business Bay,25.1872,55.2644,19,28,178,121,0.998875
2026-02-25 10:34:34.735237,Segment 4,MOE,25.1182,55.2006,28,37,639,484,1.0
2026-02-25 11:27:10.476225,Segment 1,World Trade Centre,25.2262,55.287,7,57,307,37,1
2026-02-25 11:27:11.531416,Segment 2,DIFC,25.2136,55.2796,42,103,1008,411,1
2026-02-25 11:27:12.590381,Segment 3,Business Bay,25.1872,55.2644,10,24,339,141,1
2026-02-25 11:27:13.672332,Segment 4,MOE,25.1182,55.2006,28,37,639,484,1
2026-02-25 12:03:41.818350,Segment 1,World Trade Centre,25.2262,55.287,6,40,358,53,1
2026-02-25 12:03:42.966482,Segment 2,DIFC,25.2136,55.2796,39,103,1085,411,1
2026-02-25 12:03:44.103416,Segment 3,Business Bay,25.1872,55.2644,12,26,282,130,1
2026-02-25 12:03:45.227537,Segment 4,MOE,25.1182,55.2006,26,35,688,511,1
2026-02-25 13:42:41.860504,Segment 1,World Trade Centre,25.2262,55.287,11,53,195,40,1
2026-02-25 13:42:42.980206,Segment 2,DIFC,25.2136,55.2796,72,104,588,407,1
2026-02-25 13:42:44.100559,Segment 3,Business Bay,25.1872,55.2644,12,23,282,147,1
2026-02-25 13:42:45.213964,Segment 4,MOE,25.1182,55.2006,24,37,746,484,1
2026-02-25 14:40:47.748633,Segment 1,World Trade Centre,25.2262,55.287,37,52,58,41,1.0
2026-02-25 14:40:48.869629,Segment 2,DIFC,25.2136,55.2796,105,105,403,403,1.0
2026-02-25 14:40:50.016439,Segment 3,Business Bay,25.1872,55.2644,13,23,260,147,0.99
2026-02-25 14:40:51.147895,Segment 4,MOE,25.1182,55.2006,36,36,497,497,1.0
2026-02-25 15:46:18.611798,Segment 1,World Trade Centre,25.2262,55.287,28,53,76,40,1.0
2026-02-25 15:46:19.668704,Segment 2,DIFC,25.2136,55.2796,105,105,403,403,1.0
2026-02-25 15:46:20.741477,Segment 3,Business Bay,25.1872,55.2644,20,29,169,116,0.995913
2026-02-25 15:46:21.817703,Segment 4,MOE,25.1182,55.2006,28,36,639,497,1.0
2026-02-25 16:55:05.890388,Segment 1,World Trade Centre,25.2262,55.287,28,52,76,41,1.0
2026-02-25 16:55:07.020429,Segment 2,DIFC,25.2136,55.2796,105,105,403,403,1.0
2026-02-25 16:55:08.140008,Segment 3,Business Bay,25.1872,55.2644,16,24,211,141,0.96
2026-02-25 16:55:09.303490,Segment 4,MOE,25.1182,55.2006,24,35,746,511,1.0
2026-02-25 18:06:12.099688,Segment 1,World Trade Centre,25.2262,55.287,28,53,76,40,1.0
2026-02-25 18:06:13.184070,Segment 2,DIFC,25.2136,55.2796,105,105,403,403,1.0
2026-02-25 18:06:14.253863,Segment 3,Business Bay,25.1872,55.2644,12,23,282,147,0.97
2026-02-25 18:06:15.336533,Segment 4,MOE,25.1182,55.2006,26,36,688,497,1.0
2026-02-25 19:19:46.631328,Segment 1,World Trade Centre,25.2262,55.287,40,52,53,41,1.0
2026-02-25 19:19:47.800189,Segment 2,DIFC,25.2136,55.2796,93,104,455,407,1.0
2026-02-25 19:19:48.970360,Segment 3,Business Bay,25.1872,55.2644,15,23,226,147,0.96
2026-02-25 19:19:50.153882,Segment 4,MOE,25.1182,55.2006,26,36,688,497,1.0
2026-02-25 19:58:05.531318,Segment 1,World Trade Centre,25.2262,55.287,53,53,40,40,1.0
2026-02-25 19:58:06.676338,Segment 2,DIFC,25.2136,55.2796,94,104,450,407,1.0
2026-02-25 19:58:07.805099,Segment 3,Business Bay,25.1872,55.2644,12,24,282,141,0.99
2026-02-25 19:58:08.916929,Segment 4,MOE,25.1182,55.2006,30,36,597,497,0.999196
2026-02-25 20:49:51.945707,Segment 1,World Trade Centre,25.2262,55.287,33,53,65,40,1.0
2026-02-25 20:49:53.025737,Segment 2,DIFC,25.2136,55.2796,105,105,403,403,1.0
2026-02-25 20:49:54.095507,Segment 3,Business Bay,25.1872,55.2644,14,24,242,141,0.97
2026-02-25 20:49:55.180836,Segment 4,MOE,25.1182,55.2006,28,35,639,511,1.0
2026-02-25 21:29:52.275170,Segment 1,World Trade Centre,25.2262,55.287,31,53,69,40,0.883014
2026-02-25 21:29:53.454878,Segment 2,DIFC,25.2136,55.2796,95,104,445,407,1.0
2026-02-25 21:29:54.589058,Segment 3,Business Bay,25.1872,55.2644,24,24,141,141,1.0
2026-02-25 21:29:55.764527,Segment 4,MOE,25.1182,55.2006,36,36,497,497,1.0
2026-02-25 22:00:04.585757,Segment 1,World Trade Centre,25.2262,55.287,46,53,46,40,0.758912
2026-02-25 22:00:05.759509,Segment 2,DIFC,25.2136,55.2796,105,105,403,403,1.0
2026-02-25 22:00:06.957655,Segment 3,Business Bay,25.1872,55.2644,17,24,199,141,0.95
2026-02-25 22:00:08.233935,Segment 4,MOE,25.1182,55.2006,36,36,497,497,1.0
2026-02-25 22:49:11.803831,Segment 1,World Trade Centre,25.2262,55.287,32,53,67,40,0.91718
2026-02-25 22:49:12.946636,Segment 2,DIFC,25.2136,55.2796,93,105,455,403,1.0
2026-02-25 22:49:14.089437,Segment 3,Business Bay,25.1872,55.2644,24,24,141,141,1.0
2026-02-25 22:49:15.248083,Segment 4,MOE,25.1182,55.2006,36,36,497,497,1.0
2026-02-25 23:24:24.107376,Segment 1,World Trade Centre,25.2262,55.287,48,52,44,41,0.852949
2026-02-25 23:24:25.243189,Segment 2,DIFC,25.2136,55.2796,105,105,403,403,1.0
2026-02-25 23:24:26.365782,Segment 3,Business Bay,25.1872,55.2644,24,24,141,141,1.0
2026-02-25 23:24:27.503239,Segment 4,MOE,25.1182,55.2006,36,36,497,497,1.0
2026-02-25 23:54:23.201257,Segment 1,World Trade Centre,25.2262,55.287,47,52,45,41,0.715963
2026-02-25 23:54:24.376549,Segment 2,DIFC,25.2136,55.2796,105,105,403,403,1.0
2026-02-25 23:54:25.499060,Segment 3,Business Bay,25.1872,55.2644,18,23,188,147,0.98
2026-02-25 23:54:26.645817,Segment 4,MOE,25.1182,55.2006,36,36,497,497,1.0
2026-02-26 02:46:20.908209,Segment 1,World Trade Centre,25.2262,55.287,45,53,47,40,1.0
2026-02-26 02:46:21.995793,Segment 2,DIFC,25.2136,55.2796,105,105,403,403,1.0
2026-02-26 02:46:23.061919,Segment 3,Business Bay,25.1872,55.2644,18,24,188,141,0.94
2026-02-26 02:46:24.134544,Segment 4,MOE,25.1182,55.2006,36,36,497,497,1.0
2026-02-26 04:31:24.906838,Segment 1,World Trade Centre,25.2262,55.287,35,53,61,40,1.0
2026-02-26 04:31:26.030128,Segment 2,DIFC,25.2136,55.2796,105,105,403,403,1.0
2026-02-26 04:31:27.147511,Segment 3,Business Bay,25.1872,55.2644,12,24,282,141,1.0
2026-02-26 04:31:28.272190,Segment 4,MOE,25.1182,55.2006,30,36,597,497,0.999038
2026-02-26 05:44:58.830156,Segment 1,World Trade Centre,25.2262,55.287,33,52,65,41,1.0
2026-02-26 05:44:59.959129,Segment 2,DIFC,25.2136,55.2796,105,105,403,403,1.0
2026-02-26 05:45:01.083338,Segment 3,Business Bay,25.1872,55.2644,22,28,154,121,0.948724
2026-02-26 05:45:02.184105,Segment 4,MOE,25.1182,55.2006,36,36,497,497,1.0
2026-02-26 06:41:47.202925,Segment 1,World Trade Centre,25.2262,55.287,27,52,79,41,1.0
2026-02-26 06:41:48.273383,Segment 2,DIFC,25.2136,55.2796,105,105,403,403,1.0
2026-02-26 06:41:49.343736,Segment 3,Business Bay,25.1872,55.2644,14,30,242,113,1.0
2026-02-26 06:41:50.413676,Segment 4,MOE,25.1182,55.2006,29,35,617,511,0.999046
2026-02-26 07:41:55.596808,Segment 1,World Trade Centre,25.2262,55.287,23,53,93,40,1.0
2026-02-26 07:41:56.716704,Segment 2,DIFC,25.2136,55.2796,81,104,522,407,1.0
2026-02-26 07:41:57.835858,Segment 3,Business Bay,25.1872,55.2644,12,23,282,147,0.99
2026-02-26 07:41:58.958804,Segment 4,MOE,25.1182,55.2006,29,35,617,511,1.0
2026-02-26 08:30:39.829684,Segment 1,World Trade Centre,25.2262,55.287,39,53,55,40,1.0
2026-02-26 08:30:40.909008,Segment 2,DIFC,25.2136,55.2796,77,104,550,407,1.0
2026-02-26 08:30:41.977918,Segment 3,Business Bay,25.1872,55.2644,17,24,199,141,0.94
2026-02-26 08:30:43.052715,Segment 4,MOE,25.1182,55.2006,30,35,597,511,1.0
2026-02-26 09:32:22.609254,Segment 1,World Trade Centre,25.2262,55.287,35,52,61,41,1.0
2026-02-26 09:32:23.740177,Segment 2,DIFC,25.2136,55.2796,64,104,661,407,1.0
2026-02-26 09:32:24.867066,Segment 3,Business Bay,25.1872,55.2644,13,24,260,141,0.99
2026-02-26 09:32:25.982425,Segment 4,MOE,25.1182,55.2006,28,36,639,497,1.0
2026-02-26 10:29:54.165245,Segment 1,World Trade Centre,25.2262,55.287,23,46,93,46,1.0
2026-02-26 10:29:55.242177,Segment 2,DIFC,25.2136,55.2796,43,104,984,407,1.0
2026-02-26 10:29:56.329062,Segment 3,Business Bay,25.1872,55.2644,13,24,260,141,0.99
2026-02-26 10:29:57.406760,Segment 4,MOE,25.1182,55.2006,24,36,746,497,1.0
2026-02-26 11:25:52.338052,Segment 1,World Trade Centre,25.2262,55.287,6,37,358,58,1
2026-02-26 11:25:53.515264,Segment 2,DIFC,25.2136,55.2796,32,102,1323,415,1
2026-02-26 11:25:54.679102,Segment 3,Business Bay,25.1872,55.2644,10,24,339,141,1
2026-02-26 11:25:55.897885,Segment 4,MOE,25.1182,55.2006,26,36,688,497,1
2026-02-26 12:03:55.366063,Segment 1,World Trade Centre,25.2262,55.287,11,39,195,55,1
2026-02-26 12:03:56.495417,Segment 2,DIFC,25.2136,55.2796,48,103,882,411,1
2026-02-26 12:03:57.618351,Segment 3,Business Bay,25.1872,55.2644,12,24,282,141,1
2026-02-26 12:03:58.737947,Segment 4,MOE,25.1182,55.2006,27,35,663,511,1
2026-02-26 13:43:24.146359,Segment 1,World Trade Centre,25.2262,55.287,8,38,268,56,1
2026-02-26 13:43:25.268235,Segment 2,DIFC,25.2136,55.2796,50,104,847,407,1
2026-02-26 13:43:26.370145,Segment 3,Business Bay,25.1872,55.2644,10,25,339,135,1
2026-02-26 13:43:27.478439,Segment 4,MOE,25.1182,55.2006,24,35,746,511,1
2026-02-26 14:41:14.116238,Segment 1,World Trade Centre,25.2262,55.287,8,42,268,51,1.0
2026-02-26 14:41:15.194841,Segment 2,DIFC,25.2136,55.2796,91,104,465,407,1.0
2026-02-26 14:41:16.285042,Segment 3,Business Bay,25.1872,55.2644,16,24,211,141,0.94
2026-02-26 14:41:17.351162,Segment 4,MOE,25.1182,55.2006,30,35,597,511,1.0
2026-02-26 15:38:23.712848,Segment 1,World Trade Centre,25.2262,55.287,24,52,89,41,1.0
2026-02-26 15:38:24.817655,Segment 2,DIFC,25.2136,55.2796,105,105,403,403,1.0
2026-02-26 15:38:25.955886,Segment 3,Business Bay,25.1872,55.2644,12,25,282,135,0.97
2026-02-26 15:38:27.095970,Segment 4,MOE,25.1182,55.2006,27,35,663,511,1.0
2026-02-26 16:39:55.312168,Segment 1,World Trade Centre,25.2262,55.287,14,55,153,39,1
2026-02-26 16:39:56.433984,Segment 2,DIFC,25.2136,55.2796,88,104,481,407,1
2026-02-26 16:39:57.557002,Segment 3,Business Bay,25.1872,55.2644,13,23,260,147,1
2026-02-26 16:39:58.681567,Segment 4,MOE,25.1182,55.2006,26,36,688,497,1
2026-02-26 17:46:49.984588,Segment 1,World Trade Centre,25.2262,55.287,19,54,113,39,1.0
2026-02-26 17:46:51.035845,Segment 2,DIFC,25.2136,55.2796,86,104,492,407,1.0
2026-02-26 17:46:52.097121,Segment 3,Business Bay,25.1872,55.2644,15,24,226,141,0.96
2026-02-26 17:46:53.162469,Segment 4,MOE,25.1182,55.2006,27,35,663,511,1.0
2026-02-26 18:33:57.767075,Segment 1,World Trade Centre,25.2262,55.287,34,52,63,41,1.0
2026-02-26 18:33:58.952090,Segment 2,DIFC,25.2136,55.2796,105,105,403,403,1.0
2026-02-26 18:34:00.133754,Segment 3,Business Bay,25.1872,55.2644,23,30,147,113,0.992802
2026-02-26 18:34:01.306077,Segment 4,MOE,25.1182,55.2006,25,37,716,484,1.0
2026-02-26 19:31:06.479050,Segment 1,World Trade Centre,25.2262,55.287,32,53,67,40,1
2026-02-26 19:31:07.592634,Segment 2,DIFC,25.2136,55.2796,105,105,403,403,1
2026-02-26 19:31:08.723944,Segment 3,Business Bay,25.1872,55.2644,14,24,242,141,1
2026-02-26 19:31:09.839409,Segment 4,MOE,25.1182,55.2006,29,35,617,511,1
2026-02-26 20:06:40.840674,Segment 1,World Trade Centre,25.2262,55.287,34,53,63,40,1.0
2026-02-26 20:06:41.985907,Segment 2,DIFC,25.2136,55.2796,105,105,403,403,1.0
2026-02-26 20:06:43.105404,Segment 3,Business Bay,25.1872,55.2644,15,24,226,141,0.99
2026-02-26 20:06:44.209493,Segment 4,MOE,25.1182,55.2006,36,36,497,497,1.0
2026-02-26 20:55:47.325230,Segment 1,World Trade Centre,25.2262,55.287,26,52,82,41,1.0
2026-02-26 20:55:48.390472,Segment 2,DIFC,25.2136,55.2796,105,105,403,403,1.0
2026-02-26 20:55:49.449057,Segment 3,Business Bay,25.1872,55.2644,14,24,242,141,0.96
2026-02-26 20:55:50.503661,Segment 4,MOE,25.1182,55.2006,36,36,497,497,1.0
2026-02-26 21:40:30.633445,Segment 1,World Trade Centre,25.2262,55.287,38,53,56,40,0.964295
2026-02-26 21:40:31.718762,Segment 2,DIFC,25.2136,55.2796,105,105,403,403,1.0
2026-02-26 21:40:32.784596,Segment 3,Business Bay,25.1872,55.2644,24,24,141,141,1.0
2026-02-26 21:40:33.850616,Segment 4,MOE,25.1182,55.2006,36,36,497,497,1.0
2026-02-26 22:19:11.866346,Segment 1,World Trade Centre,25.2262,55.287,43,52,50,41,0.857244
2026-02-26 22:19:12.921221,Segment 2,DIFC,25.2136,55.2796,105,105,403,403,1.0
2026-02-26 22:19:13.978106,Segment 3,Business Bay,25.1872,55.2644,17,24,199,141,1.0
2026-02-26 22:19:15.037399,Segment 4,MOE,25.1182,55.2006,36,36,497,497,1.0
2026-02-26 22:58:50.929289,Segment 1,World Trade Centre,25.2262,55.287,53,53,40,40,1
2026-02-26 22:58:51.998669,Segment 2,DIFC,25.2136,55.2796,105,105,403,403,1
2026-02-26 22:58:53.073057,Segment 3,Business Bay,25.1872,55.2644,24,24,141,141,1
2026-02-26 22:58:54.152897,Segment 4,MOE,25.1182,55.2006,36,36,497,497,1
2026-02-26 23:40:00.941230,Segment 1,World Trade Centre,25.2262,55.287,39,42,55,51,0.693972
2026-02-26 23:40:02.076195,Segment 2,DIFC,25.2136,55.2796,105,105,403,403,1.0
2026-02-26 23:40:03.180629,Segment 3,Business Bay,25.1872,55.2644,24,24,141,141,1.0
2026-02-26 23:40:04.308920,Segment 4,MOE,25.1182,55.2006,36,36,497,497,1.0
2026-02-27 00:02:04.527239,Segment 1,World Trade Centre,25.2262,55.287,40,42,53,51,0.693972
2026-02-27 00:02:05.670992,Segment 2,DIFC,25.2136,55.2796,105,105,403,403,1.0
2026-02-27 00:02:06.797302,Segment 3,Business Bay,25.1872,55.2644,24,24,141,141,1.0
2026-02-27 00:02:07.974231,Segment 4,MOE,25.1182,55.2006,36,36,497,497,1.0
2026-02-27 02:51:46.639581,Segment 1,World Trade Centre,25.2262,55.287,48,52,44,41,1.0
2026-02-27 02:51:47.743004,Segment 2,DIFC,25.2136,55.2796,105,105,403,403,1.0
2026-02-27 02:51:48.875983,Segment 3,Business Bay,25.1872,55.2644,15,24,226,141,0.96
2026-02-27 02:51:50.058446,Segment 4,MOE,25.1182,55.2006,36,36,497,497,1.0
2026-02-27 04:52:13.338934,Segment 1,World Trade Centre,25.2262,55.287,43,52,50,41,1.0
2026-02-27 04:52:14.471088,Segment 2,DIFC,25.2136,55.2796,105,105,403,403,1.0
2026-02-27 04:52:15.613149,Segment 3,Business Bay,25.1872,55.2644,17,24,199,141,0.99
2026-02-27 04:52:16.752545,Segment 4,MOE,25.1182,55.2006,36,36,497,497,1.0
2026-02-27 05:58:47.355818,Segment 1,World Trade Centre,25.2262,55.287,33,53,65,40,1
2026-02-27 05:58:48.477179,Segment 2,DIFC,25.2136,55.2796,105,105,403,403,1
2026-02-27 05:58:49.588829,Segment 3,Business Bay,25.1872,55.2644,17,23,199,147,1
2026-02-27 05:58:50.703610,Segment 4,MOE,25.1182,55.2006,36,36,497,497,1
2026-02-27 07:08:07.469623,Segment 1,World Trade Centre,25.2262,55.287,45,53,47,40,1
2026-02-27 07:08:08.552021,Segment 2,DIFC,25.2136,55.2796,105,105,403,403,1
2026-02-27 07:08:09.621652,Segment 3,Business Bay,25.1872,55.2644,10,23,339,147,1
2026-02-27 07:08:10.690027,Segment 4,MOE,25.1182,55.2006,27,35,663,511,1
2026-02-27 07:56:45.675150,Segment 1,World Trade Centre,25.2262,55.287,53,53,40,40,1.0
2026-02-27 07:56:46.806015,Segment 2,DIFC,25.2136,55.2796,105,105,403,403,1.0
2026-02-27 07:56:47.927543,Segment 3,Business Bay,25.1872,55.2644,14,23,242,147,0.99
2026-02-27 07:56:49.055622,Segment 4,MOE,25.1182,55.2006,27,35,663,511,1.0
2026-02-27 08:54:21.466966,Segment 1,World Trade Centre,25.2262,55.287,43,52,50,41,1
2026-02-27 08:54:22.580367,Segment 2,DIFC,25.2136,55.2796,105,105,403,403,1
2026-02-27 08:54:23.701714,Segment 3,Business Bay,25.1872,55.2644,16,24,211,141,1
2026-02-27 08:54:24.814293,Segment 4,MOE,25.1182,55.2006,28,35,639,511,1
2026-02-27 09:53:50.722912,Segment 1,World Trade Centre,25.2262,55.287,39,52,55,41,1
2026-02-27 09:53:51.795666,Segment 2,DIFC,25.2136,55.2796,74,104,572,407,1
2026-02-27 09:53:52.869370,Segment 3,Business Bay,25.1872,55.2644,11,23,308,147,1
2026-02-27 09:53:53.938491,Segment 4,MOE,25.1182,55.2006,30,37,597,484,1
2026-02-27 10:50:13.914195,Segment 1,World Trade Centre,25.2262,55.287,53,53,40,40,1
2026-02-27 10:50:15.035133,Segment 2,DIFC,25.2136,55.2796,68,104,622,407,1
2026-02-27 10:50:16.151281,Segment 3,Business Bay,25.1872,55.2644,22,30,154,113,1
2026-02-27 10:50:17.268259,Segment 4,MOE,25.1182,55.2006,25,37,716,484,1
2026-02-27 11:28:00.216560,Segment 1,World Trade Centre,25.2262,55.287,38,53,56,40,1
2026-02-27 11:28:01.345852,Segment 2,DIFC,25.2136,55.2796,80,104,529,407,1
2026-02-27 11:28:02.469121,Segment 3,Business Bay,25.1872,55.2644,19,23,178,147,1
2026-02-27 11:28:03.591956,Segment 4,MOE,25.1182,55.2006,26,36,688,497,1
2026-02-27 11:57:17.967802,Segment 1,World Trade Centre,25.2262,55.287,40,52,53,41,1
2026-02-27 11:57:19.052958,Segment 2,DIFC,25.2136,55.2796,77,103,550,411,1
2026-02-27 11:57:20.124391,Segment 3,Business Bay,25.1872,55.2644,13,24,260,141,1
2026-02-27 11:57:21.190321,Segment 4,MOE,25.1182,55.2006,25,36,716,497,1
2026-02-27 13:19:07.903338,Segment 1,World Trade Centre,25.2262,55.287,33,52,65,41,1
2026-02-27 13:19:08.969873,Segment 2,DIFC,25.2136,55.2796,77,104,550,407,1
2026-02-27 13:19:10.038633,Segment 3,Business Bay,25.1872,55.2644,13,24,260,141,1
2026-02-27 13:19:11.106096,Segment 4,MOE,25.1182,55.2006,22,36,814,497,1
2026-02-27 14:08:41.492289,Segment 1,World Trade Centre,25.2262,55.287,17,52,126,41,1
2026-02-27 14:08:42.607255,Segment 2,DIFC,25.2136,55.2796,105,105,403,403,1
2026-02-27 14:08:43.724371,Segment 3,Business Bay,25.1872,55.2644,17,24,199,141,1
2026-02-27 14:08:44.849316,Segment 4,MOE,25.1182,55.2006,23,35,778,511,1
2026-02-27 14:59:20.061952,Segment 1,World Trade Centre,25.2262,55.287,42,52,51,41,1.0
2026-02-27 14:59:21.143492,Segment 2,DIFC,25.2136,55.2796,105,105,403,403,1.0
2026-02-27 14:59:22.209161,Segment 3,Business Bay,25.1872,55.2644,11,23,308,147,0.97
2026-02-27 14:59:23.301170,Segment 4,MOE,25.1182,55.2006,28,37,639,484,1.0
2026-02-27 15:49:46.122457,Segment 1,World Trade Centre,25.2262,55.287,53,53,40,40,1.0
2026-02-27 15:49:47.304263,Segment 2,DIFC,25.2136,55.2796,105,105,403,403,1.0
2026-02-27 15:49:48.468949,Segment 3,Business Bay,25.1872,55.2644,13,24,260,141,0.97
2026-02-27 15:49:49.646732,Segment 4,MOE,25.1182,55.2006,24,35,746,511,1.0
2026-02-27 16:32:46.319838,Segment 1,World Trade Centre,25.2262,55.287,37,52,58,41,1.0
2026-02-27 16:32:47.474970,Segment 2,DIFC,25.2136,55.2796,105,105,403,403,1.0
2026-02-27 16:32:48.628792,Segment 3,Business Bay,25.1872,55.2644,17,24,199,141,0.96
2026-02-27 16:32:49.773331,Segment 4,MOE,25.1182,55.2006,26,35,688,511,1.0
2026-02-27 17:19:21.645833,Segment 1,World Trade Centre,25.2262,55.287,37,53,58,40,1.0
2026-02-27 17:19:22.790704,Segment 2,DIFC,25.2136,55.2796,105,105,403,403,1.0
2026-02-27 17:19:23.923840,Segment 3,Business Bay,25.1872,55.2644,15,24,226,141,0.97
2026-02-27 17:19:25.045613,Segment 4,MOE,25.1182,55.2006,24,37,746,484,1.0
2026-02-27 17:58:36.983646,Segment 1,World Trade Centre,25.2262,55.287,53,53,40,40,1.0
2026-02-27 17:58:38.115273,Segment 2,DIFC,25.2136,55.2796,105,105,403,403,1.0
2026-02-27 17:58:39.239446,Segment 3,Business Bay,25.1872,55.2644,15,24,226,141,0.95
2026-02-27 17:58:40.365380,Segment 4,MOE,25.1182,55.2006,25,36,716,497,1.0
2026-02-27 18:59:13.577924,Segment 1,World Trade Centre,25.2262,55.287,35,52,61,41,1
2026-02-27 18:59:14.706436,Segment 2,DIFC,25.2136,55.2796,105,105,403,403,1
2026-02-27 18:59:15.831368,Segment 3,Business Bay,25.1872,55.2644,16,23,211,147,1
2026-02-27 18:59:16.975566,Segment 4,MOE,25.1182,55.2006,26,35,688,511,1
